Date,OPEN,VOLUME,TodaysOpenGreaterThanNextWeekAverage(Classifier),AverageChangeLast-5,AverageChangeLast-10,AverageChangeLast-30
4/11/2017,83.08,8522117.00,0.00,0.66,1.22,0.59
4/10/2017,83.12,8555618.00,0.00,0.53,1.54,0.94
4/7/2017,83.24,8890085.00,0.00,-0.86,0.17,0.41
4/6/2017,82.75,9513299.00,0.00,0.51,0.46,0.55
4/5/2017,82.85,13623292.00,0.00,0.74,0.05,0.27
4/4/2017,82.10,9214672.00,1.00,1.01,-0.20,-0.22
4/3/2017,82.02,11431761.00,1.00,1.34,0.23,-0.20
3/31/2017,83.26,21705830.00,0.00,-0.02,-0.08,-1.22
3/30/2017,82.03,44656397.00,1.00,0.01,-0.24,-0.76
3/29/2017,81.69,8350755.00,1.00,-0.37,0.43,-1.00
3/28/2017,81.32,10710823.00,1.00,-0.57,0.70,-0.82
3/27/2017,80.82,8445016.00,1.00,0.02,0.22,-0.27
3/24/2017,82.03,8965103.00,1.00,-0.14,-0.69,0.21
3/23/2017,81.63,8722147.00,1.00,-0.10,1.09,0.01
3/22/2017,81.96,11127314.00,1.00,0.63,-0.69,-1.20
3/21/2017,82.16,13387665.00,0.00,0.81,-1.38,-1.47
3/20/2017,81.72,7700258.00,0.00,0.20,-0.63,-1.57
3/17/2017,82.03,18834129.00,0.00,-0.82,-1.70,-1.03
3/16/2017,82.03,9923804.00,0.00,0.90,-0.82,-1.79
3/15/2017,81.35,11970300.00,1.00,-1.01,0.39,-2.77
3/14/2017,81.00,11335678.00,1.00,-1.46,0.59,-3.02
3/13/2017,81.50,9571361.00,1.00,-0.51,1.00,-2.76
3/10/2017,82.44,11354999.00,0.00,-1.46,0.48,-3.02
3/9/2017,80.64,14721795.00,1.00,-0.37,0.67,-2.55
3/8/2017,82.35,16817743.00,0.00,1.13,0.43,-2.05
3/7/2017,83.11,12710956.00,0.00,1.06,-0.11,-2.67
3/6/2017,82.44,9617240.00,0.00,1.20,-0.18,-2.33
3/3/2017,83.56,12304096.00,0.00,0.45,-1.23,-2.78
3/2/2017,82.80,14168481.00,0.00,0.33,-0.76,-3.77
3/1/2017,81.70,17482122.00,1.00,-0.32,-1.05,-3.15
2/28/2017,81.53,16834063.00,1.00,-0.68,-0.74,-2.67
2/27/2017,81.13,13465448.00,1.00,-0.60,-0.14,-3.51
2/24/2017,81.60,11336722.00,1.00,-1.39,0.40,-1.95
2/23/2017,81.42,13847038.00,1.00,-0.63,0.18,-3.08
2/22/2017,81.65,12917374.00,1.00,-0.52,-0.88,-3.93
2/21/2017,82.12,16417662.00,0.00,-0.16,-1.05,-4.28
2/17/2017,82.09,15643848.00,0.00,0.50,-1.03,-5.45
2/16/2017,83.12,10614956.00,0.00,0.87,-0.42,-6.13
2/15/2017,82.64,11768513.00,0.00,0.34,-1.23,-5.69
2/14/2017,82.91,11370235.00,0.00,-0.91,-2.17,-4.53
2/13/2017,82.77,9071638.00,0.00,-1.17,-2.36,-4.36
2/10/2017,82.26,8739814.00,1.00,-1.11,-1.94,-4.68
2/9/2017,81.80,9602988.00,1.00,-0.30,-1.96,-4.53
2/8/2017,81.99,14005318.00,1.00,-0.80,-1.22,-4.28
2/7/2017,83.23,11699412.00,0.00,-1.61,-0.63,-3.14
2/6/2017,83.55,9935630.00,0.00,-1.68,-1.16,-3.57
2/3/2017,83.70,12743536.00,0.00,-1.17,-0.69,-3.17
2/2/2017,83.21,12200100.00,0.00,-1.13,-1.09,-3.81
2/1/2017,84.00,15110442.00,0.00,-0.30,-1.84,-3.67
1/31/2017,85.04,19127490.00,0.00,0.30,-1.02,-2.02
1/30/2017,85.42,12788543.00,0.00,-0.38,-0.56,-3.99
1/27/2017,85.30,10945102.00,0.00,-0.06,-1.47,-3.38
1/26/2017,85.69,8776714.00,0.00,-0.77,0.02,-1.46
1/25/2017,85.34,9578522.00,0.00,-1.67,-1.19,0.17
1/24/2017,84.98,11858111.00,0.00,-0.73,-2.05,0.86
1/23/2017,85.68,11433633.00,0.00,-0.15,-2.27,1.39
1/20/2017,85.44,18738859.00,0.00,-1.06,-3.40,1.80
1/19/2017,85.97,16382903.00,0.00,0.73,-3.82,1.78
1/18/2017,87.06,11827304.00,0.00,-0.61,-3.17,2.00
1/17/2017,86.58,13237348.00,0.00,-1.73,-1.97,1.21
1/13/2017,86.27,8414747.00,0.00,-1.87,-1.64,1.62
1/12/2017,87.27,10406846.00,0.00,-2.82,-1.83,3.78
1/11/2017,85.90,11183689.00,1.00,-3.14,-1.58,2.24
1/10/2017,87.17,13283083.00,0.00,-1.97,-1.17,2.52
1/9/2017,88.22,13759032.00,0.00,-0.41,0.09,2.69
1/6/2017,88.79,16518128.00,0.00,-0.11,-0.40,2.48
1/5/2017,90.19,14440060.00,0.00,-0.34,-0.04,2.66
1/4/2017,91.12,9432400.00,0.00,-0.32,-0.85,3.73
1/3/2017,90.94,10360622.00,0.00,-0.42,-0.97,2.32
12/30/2016,90.03,9117280.00,0.00,0.58,0.52,1.87
12/29/2016,90.10,6684661.00,0.00,-0.10,-1.62,2.72
12/28/2016,90.68,6745940.00,0.00,0.10,-1.02,3.02
12/27/2016,90.83,4960456.00,0.00,-0.84,0.75,1.62
12/23/2016,90.89,4266381.00,0.00,-0.88,2.08,2.12
12/22/2016,90.02,8003106.00,1.00,0.54,2.42,3.83
12/21/2016,90.68,7307997.00,0.00,-1.56,2.62,2.98
12/20/2016,90.51,7221041.00,1.00,-0.76,2.69,3.05
12/19/2016,91.38,9674313.00,0.00,1.10,2.27,3.69
12/16/2016,91.52,20291295.00,0.00,2.17,2.06,3.38
12/15/2016,90.10,11155111.00,1.00,2.24,0.90,3.52
12/14/2016,92.26,16323105.00,0.00,2.16,0.96,3.09
12/13/2016,91.89,18829345.00,0.00,1.52,2.47,2.40
12/12/2016,90.14,15542076.00,1.00,0.70,0.49,0.79
12/9/2016,88.64,8021683.00,1.00,0.50,0.54,-1.28
12/8/2016,88.05,9030099.00,1.00,-0.50,0.57,-0.29
12/7/2016,87.63,11182628.00,1.00,-0.28,0.28,-0.75
12/6/2016,87.27,11293620.00,1.00,1.57,0.42,-0.85
12/5/2016,87.39,11741074.00,1.00,-0.16,1.43,-0.56
12/2/2016,87.19,9704406.00,1.00,0.10,0.02,-0.92
12/1/2016,87.98,13003750.00,0.00,0.20,-0.43,-1.32
11/30/2016,87.60,22692459.00,1.00,-0.07,0.50,-1.32
11/29/2016,85.42,9181089.00,1.00,0.30,0.90,-0.61
11/28/2016,86.95,7449634.00,1.00,1.29,-0.41,-1.32
11/25/2016,86.71,5043042.00,1.00,-0.32,0.21,-0.49
11/23/2016,86.54,6060731.00,1.00,-0.85,2.00,-1.36
11/22/2016,86.69,9390016.00,1.00,0.14,1.18,-2.18
11/21/2016,86.44,8861469.00,1.00,0.37,1.32,-1.58
11/18/2016,85.21,8457804.00,1.00,-0.78,2.01,-0.94
11/17/2016,86.44,8198219.00,1.00,0.20,1.80,-1.18
11/16/2016,86.74,8147125.00,0.00,2.16,1.95,-0.72
11/15/2016,85.77,12883542.00,1.00,1.18,1.43,-1.29
11/14/2016,85.30,12607502.00,1.00,1.46,0.86,-0.79
11/11/2016,86.53,13812176.00,0.00,1.90,-0.63,-0.63
11/10/2016,85.91,14106127.00,0.00,1.17,-2.64,-0.78
11/9/2016,84.05,15901269.00,1.00,0.99,-1.53,2.75
11/8/2016,84.73,9734653.00,1.00,0.46,-1.81,3.55
11/7/2016,84.49,13576246.00,1.00,-0.35,-1.73,2.54
11/4/2016,83.63,13877034.00,1.00,-1.51,-1.11,3.38
11/3/2016,83.68,8836446.00,1.00,-2.86,-1.12,1.77
11/2/2016,83.30,11225897.00,1.00,-1.10,-1.15,3.23
11/1/2016,83.50,13050407.00,1.00,-0.90,-0.82,2.28
10/31/2016,83.88,16657683.00,1.00,-0.26,0.19,1.45
10/28/2016,85.28,19070824.00,0.00,0.43,-0.34,1.49
10/27/2016,87.28,9071099.00,0.00,0.12,0.46,1.27
10/26/2016,86.25,8484079.00,0.00,-0.26,-0.40,0.82
10/25/2016,86.67,6835836.00,0.00,-0.23,-1.16,-0.65
10/24/2016,86.74,8354774.00,0.00,0.38,-0.47,-0.96
10/21/2016,86.42,10723886.00,0.00,-0.34,0.13,-2.83
10/20/2016,86.79,6865853.00,0.00,0.37,-0.18,-2.66
10/19/2016,87.19,9373416.00,0.00,-0.51,0.22,-2.73
10/18/2016,87.17,5429319.00,0.00,-1.18,-0.38,-1.86
10/17/2016,86.48,7263061.00,1.00,-0.26,0.11,-1.41
10/14/2016,87.19,7991654.00,0.00,0.37,0.28,-0.70
10/13/2016,86.35,9890258.00,1.00,0.17,0.14,-1.10
10/12/2016,87.22,8172509.00,0.00,0.56,3.63,-1.81
10/11/2016,88.08,9309029.00,0.00,-0.29,4.05,-0.98
10/10/2016,87.54,10060038.00,0.00,-0.12,2.58,-1.61
10/7/2016,86.95,6608815.00,1.00,0.08,3.09,-1.98
10/6/2016,87.25,7718259.00,0.00,-0.16,1.14,-1.42
10/5/2016,86.83,8796215.00,1.00,3.33,2.23,-1.74
10/4/2016,87.38,8222033.00,0.00,3.60,0.95,-1.15
10/3/2016,86.94,7111178.00,1.00,1.87,-0.22,-2.45
9/30/2016,86.84,15928885.00,1.00,1.94,-0.48,-2.14
9/29/2016,86.97,19082873.00,0.00,-0.24,-0.77,-1.63
9/28/2016,83.46,28115546.00,1.00,0.50,-1.37,-1.50
9/27/2016,82.59,9595020.00,1.00,-0.55,-2.60,-1.94
9/26/2016,83.52,10860220.00,1.00,-1.25,-2.49,-0.32
9/23/2016,82.68,12666906.00,1.00,-1.06,-4.03,0.06
9/22/2016,84.28,10737894.00,1.00,-0.91,-3.37,-0.94
9/21/2016,82.82,15055917.00,1.00,-1.02,-2.98,-1.60
9/20/2016,83.73,17520615.00,1.00,-1.91,-1.57,-0.82
9/19/2016,84.58,7928973.00,0.00,-1.54,-0.79,-0.38
9/16/2016,84.51,21538205.00,0.00,-2.86,0.19,-0.03
9/15/2016,84.67,9248941.00,0.00,-1.95,-0.02,0.54
9/14/2016,85.04,13956215.00,0.00,-1.32,-0.46,1.18
9/13/2016,86.46,13214321.00,0.00,0.16,0.63,-0.43
9/12/2016,86.78,10889025.00,0.00,0.60,0.04,0.09
9/9/2016,88.66,12820202.00,0.00,1.30,-0.28,-2.72
9/8/2016,88.55,9579545.00,0.00,0.50,0.13,-3.63
9/7/2016,88.65,7470375.00,0.00,-0.37,-0.26,-3.64
9/6/2016,87.84,9850712.00,0.00,0.31,0.21,-5.36
9/2/2016,87.42,7099643.00,1.00,-0.31,-1.07,-5.78
9/1/2016,86.72,8434729.00,1.00,-0.57,-0.61,-5.33
8/31/2016,87.14,12491437.00,1.00,0.12,-0.06,-5.46
8/30/2016,87.87,6440948.00,1.00,-0.18,0.07,-5.74
8/29/2016,87.04,7027099.00,1.00,0.38,-0.52,-5.67
8/26/2016,87.63,6474424.00,0.00,-0.83,1.00,-5.93
8/25/2016,88.02,6935161.00,0.00,-0.29,1.20,-5.29
8/24/2016,87.50,7981774.00,0.00,0.19,-0.06,-4.66
8/23/2016,87.84,6512486.00,0.00,0.32,-0.80,-4.44
8/22/2016,87.31,8235406.00,1.00,-0.31,-0.17,-3.32
8/19/2016,88.63,8614984.00,0.00,1.16,0.13,-2.77
8/18/2016,88.38,10342730.00,0.00,0.99,0.22,-3.58
8/17/2016,87.92,7104115.00,1.00,-0.44,0.64,-2.39
8/16/2016,87.83,6817932.00,1.00,-1.12,1.11,-1.99
8/15/2016,88.42,6432580.00,0.00,-0.40,-0.71,-2.03
8/12/2016,86.96,9986524.00,1.00,-0.13,-0.13,-0.81
8/11/2016,86.69,11616032.00,1.00,0.25,-2.71,0.30
8/10/2016,87.78,12714814.00,1.00,0.95,-3.23,2.13
8/9/2016,88.62,9654554.00,0.00,1.18,-3.07,2.97
8/8/2016,88.05,10492644.00,0.00,-0.99,-4.55,2.02
8/5/2016,87.73,9617289.00,0.00,-0.25,-4.54,0.11
8/4/2016,87.50,13451250.00,1.00,-2.63,-3.69,0.32
8/3/2016,87.01,14631501.00,1.00,-2.92,-3.40,1.58
8/2/2016,86.45,18919157.00,1.00,-2.14,-3.17,1.14
8/1/2016,88.08,22907046.00,0.00,-2.71,-2.43,1.10
7/29/2016,87.61,23927198.00,0.00,-2.34,-2.34,2.97
7/28/2016,90.54,12439249.00,0.00,-1.39,-1.47,2.44
7/27/2016,91.51,10037192.00,0.00,-1.15,-0.67,2.20
7/26/2016,91.63,12142648.00,0.00,-1.07,-0.35,2.70
7/25/2016,93.47,10840292.00,0.00,-0.70,0.74,2.15
7/22/2016,94.11,7139681.00,0.00,-1.00,1.05,2.26
7/21/2016,93.89,7756497.00,0.00,-0.39,0.01,1.30
7/20/2016,94.25,7381889.00,0.00,0.20,1.02,2.48
7/19/2016,94.76,5901792.00,0.00,0.27,1.10,3.19
7/18/2016,94.92,9865850.00,0.00,1.01,0.76,3.40
7/15/2016,95.44,10334353.00,0.00,1.05,1.66,3.41
7/14/2016,95.05,9293380.00,0.00,-0.30,2.33,3.00
7/13/2016,94.65,9455239.00,0.00,0.54,3.61,1.23
7/12/2016,94.67,9869613.00,1.00,0.38,3.83,1.67
7/11/2016,93.75,8335675.00,1.00,0.13,2.40,0.68
7/8/2016,93.39,9807645.00,1.00,1.20,0.18,0.97
7/7/2016,94.34,12240670.00,1.00,2.02,0.09,0.82
7/6/2016,93.35,13138763.00,1.00,3.06,0.95,1.57
7/5/2016,93.12,10743751.00,1.00,3.06,0.19,0.07
7/1/2016,93.36,9945263.00,1.00,1.19,-0.32,1.72
6/30/2016,92.33,14073677.00,1.00,-1.25,1.22,0.39
6/29/2016,91.41,13920631.00,1.00,-1.41,0.46,0.82
6/28/2016,89.73,13253931.00,1.00,-0.17,0.19,0.84
6/27/2016,88.90,14395728.00,1.00,-0.29,0.89,0.76
6/24/2016,89.88,20010194.00,1.00,-0.22,0.47,0.25
6/23/2016,91.93,9463030.00,0.00,1.45,0.58,0.79
6/22/2016,91.84,8783723.00,0.00,0.72,-0.31,1.01
6/21/2016,90.72,8557121.00,1.00,0.28,0.89,1.21
6/20/2016,91.29,9388528.00,0.00,0.70,1.59,2.26
6/17/2016,91.49,17483223.00,0.00,0.08,1.79,0.87
6/16/2016,89.70,12822800.00,1.00,0.19,1.75,1.22
6/15/2016,90.23,10655028.00,1.00,-0.54,1.44,1.05
6/14/2016,90.45,10160930.00,1.00,0.80,-0.28,1.17
6/13/2016,89.92,11369949.00,1.00,1.43,0.27,0.66
6/10/2016,90.40,10353815.00,1.00,1.54,-0.60,1.41
6/9/2016,90.18,8974331.00,1.00,1.34,-0.24,1.25
6/8/2016,91.03,9982959.00,0.00,0.81,-0.40,1.34
6/7/2016,89.75,12889082.00,1.00,-1.10,0.38,1.89
6/6/2016,88.87,8572963.00,1.00,-0.37,-0.97,1.68
6/3/2016,88.44,9367092.00,1.00,-0.93,0.99,2.28
6/2/2016,88.21,9837535.00,1.00,-0.18,-0.12,2.58
6/1/2016,88.43,7992594.00,1.00,-0.14,0.44,2.86
5/31/2016,90.00,13178567.00,0.00,0.87,0.56,4.71
5/27/2016,89.40,7505681.00,0.00,-0.58,0.35,3.13
5/26/2016,90.25,7867824.00,0.00,1.27,-0.18,3.29
5/25/2016,89.85,9581349.00,0.00,-0.11,0.31,3.61
5/24/2016,89.89,10054325.00,0.00,0.40,0.60,4.24
5/23/2016,89.00,11766051.00,1.00,0.46,0.80,4.39
5/20/2016,90.39,13190675.00,0.00,0.16,1.82,4.20
5/19/2016,88.61,14397937.00,1.00,-0.44,0.31,4.48
5/18/2016,89.80,9680277.00,1.00,0.09,0.63,4.35
5/17/2016,89.27,9834728.00,1.00,0.44,0.39,4.19
5/16/2016,89.20,8638664.00,1.00,0.54,0.50,3.53
5/13/2016,89.28,9721013.00,1.00,1.65,0.04,3.99
5/12/2016,89.80,10720384.00,0.00,0.02,0.69,2.12
5/11/2016,89.16,11652872.00,1.00,0.31,0.57,1.02
5/10/2016,88.90,12505442.00,1.00,-0.17,0.53,2.20
5/9/2016,88.60,11157160.00,1.00,0.11,1.07,1.69
5/6/2016,87.46,7968354.00,1.00,-0.36,0.82,2.63
5/5/2016,88.76,8717781.00,1.00,0.46,1.35,1.57
5/4/2016,88.30,10601085.00,1.00,0.48,1.59,2.22
5/3/2016,88.40,10137435.00,1.00,0.58,1.78,1.31
5/2/2016,88.24,10273739.00,1.00,0.88,3.41,0.40
4/29/2016,88.68,17881670.00,0.00,0.56,1.65,1.16
4/28/2016,87.86,11274753.00,1.00,0.96,1.69,1.65
4/27/2016,87.95,10463103.00,1.00,0.99,1.83,2.88
4/26/2016,87.75,9424563.00,1.00,1.08,2.31,2.83
4/25/2016,87.09,8076440.00,1.00,2.73,2.27,0.92
4/22/2016,87.24,9149893.00,1.00,0.81,1.87,1.54
4/21/2016,86.59,12075295.00,1.00,0.84,1.97,0.59
4/20/2016,86.23,15247074.00,1.00,0.94,1.69,-0.33
4/19/2016,85.85,10354460.00,1.00,1.38,1.37,1.31
4/18/2016,83.89,9096476.00,1.00,1.25,0.66,0.84
4/15/2016,85.30,11280166.00,1.00,0.93,1.11,0.75
4/14/2016,85.00,10624892.00,1.00,0.86,-0.74,2.37
4/13/2016,84.50,9234863.00,1.00,0.62,-1.73,2.65
4/12/2016,83.69,9985798.00,1.00,0.27,-0.35,1.19
4/11/2016,83.33,9916478.00,1.00,-0.21,-0.62,0.12
4/8/2016,83.30,9376167.00,1.00,0.40,0.54,1.41
4/7/2016,82.76,8266519.00,1.00,-1.02,-0.24,3.03
4/6/2016,82.69,9314923.00,1.00,-1.74,0.62,0.89
4/5/2016,82.61,10443769.00,1.00,0.08,0.00,-0.33
4/4/2016,83.06,8050167.00,1.00,-0.07,-0.64,0.67
4/1/2016,82.40,12235334.00,1.00,1.23,0.38,-0.06
3/31/2016,84.07,13896061.00,0.00,0.34,0.97,1.14
3/30/2016,85.03,10806454.00,0.00,1.04,2.22,0.98
3/29/2016,83.67,9977887.00,0.00,0.10,2.13,2.48
3/28/2016,84.03,7490303.00,0.00,-0.66,0.19,4.07
3/24/2016,82.94,9367799.00,1.00,0.28,0.81,2.48
3/23/2016,83.86,12746576.00,1.00,0.76,-0.13,2.15
3/22/2016,83.08,13004442.00,1.00,1.92,-1.06,2.73
3/21/2016,83.84,8384758.00,1.00,1.80,0.72,2.51
3/18/2016,84.59,19636734.00,0.00,-0.34,0.18,3.19
3/17/2016,83.68,13672769.00,1.00,0.07,0.00,6.05
3/16/2016,83.02,11492063.00,1.00,-0.82,1.70,7.12
3/15/2016,81.60,9213045.00,1.00,-1.64,1.93,4.43
3/14/2016,81.48,13344495.00,1.00,0.46,0.39,4.21
3/11/2016,83.22,15369288.00,1.00,0.13,-0.67,3.41
3/10/2016,82.42,15898124.00,1.00,0.18,0.65,4.53
3/9/2016,83.22,14137874.00,0.00,1.95,2.21,5.57
3/8/2016,84.00,13697861.00,0.00,2.07,-0.01,4.30
3/7/2016,82.31,18945375.00,1.00,-0.12,-1.44,3.37
3/4/2016,82.66,18402402.00,1.00,-1.23,-0.40,6.36
3/3/2016,82.66,13215882.00,1.00,0.02,-1.10,4.14
3/2/2016,80.95,14093902.00,1.00,1.43,0.08,1.07
3/1/2016,80.56,15729765.00,1.00,-0.66,0.02,2.55
2/29/2016,81.88,18901018.00,1.00,-1.43,1.73,2.63
2/26/2016,82.89,14341303.00,0.00,-0.26,3.26,2.79
2/25/2016,81.56,13704791.00,1.00,-0.88,1.56,4.29
2/24/2016,79.91,13772275.00,1.00,0.46,1.21,3.14
2/23/2016,81.99,11039235.00,0.00,0.41,1.88,1.58
2/22/2016,83.21,14594634.00,0.00,1.76,1.55,1.67
2/19/2016,82.19,13614898.00,0.00,2.92,2.10,0.92
2/18/2016,82.90,14873617.00,0.00,0.87,4.75,0.23
2/17/2016,81.65,17005008.00,1.00,0.28,5.35,-0.23
2/16/2016,81.70,15911839.00,1.00,0.94,2.39,-0.35
2/12/2016,80.08,16828829.00,1.00,0.65,2.00,-1.26
2/11/2016,78.34,19329843.00,1.00,1.52,1.12,-2.94
2/10/2016,79.77,16606110.00,1.00,4.40,2.06,-1.10
2/9/2016,79.98,18416290.00,1.00,4.64,2.96,-3.27
2/8/2016,79.30,26597212.00,1.00,1.19,1.26,-1.71
2/5/2016,79.40,26718327.00,1.00,0.68,0.24,-0.81
2/4/2016,78.58,23654675.00,1.00,-0.51,2.92,-0.99
2/3/2016,75.53,25861756.00,1.00,0.20,0.48,-0.81
2/2/2016,74.19,21402041.00,1.00,1.85,-2.20,-2.15
2/1/2016,76.66,16749019.00,1.00,0.41,-0.47,-2.07
1/29/2016,76.73,25157887.00,1.00,-0.51,-0.22,-0.41
1/28/2016,77.35,16157614.00,1.00,2.17,0.01,2.69
1/27/2016,76.00,18091944.00,1.00,-0.16,1.73,2.14
1/26/2016,74.77,18720735.00,1.00,-3.08,0.54,1.12
1/25/2016,75.75,17078023.00,1.00,-0.76,-0.73,2.14
1/22/2016,76.42,22529961.00,0.00,-0.13,-0.48,1.64
1/21/2016,73.16,22265445.00,1.00,0.54,-0.72,-0.33
1/20/2016,75.07,33278298.00,1.00,2.67,-0.78,-0.16
1/19/2016,77.93,22682994.00,0.00,1.24,-0.98,-2.46
1/15/2016,76.33,28338391.00,0.00,-0.68,-0.95,-3.98
1/14/2016,76.21,33798811.00,0.00,-0.97,-1.86,-4.34
1/13/2016,75.85,26052729.00,1.00,-1.18,-3.18,-3.80
1/12/2016,74.12,21861073.00,1.00,-1.15,-0.96,-2.76
1/11/2016,75.01,21352841.00,1.00,-0.71,-2.54,-3.23
1/8/2016,76.35,19030532.00,0.00,-0.06,-0.40,-2.04
1/7/2016,76.06,21262763.00,0.00,-0.50,0.72,-1.15
1/6/2016,76.64,18826600.00,0.00,-1.83,0.61,-2.05
1/5/2016,77.19,11992697.00,0.00,0.16,0.74,-1.91
1/4/2016,77.50,20399059.00,0.00,-1.61,-0.66,-1.18
12/31/2015,77.51,10285519.00,0.00,0.43,-0.56,-1.94
12/30/2015,78.32,9314640.00,0.00,1.31,1.18,0.93
12/29/2015,79.99,8838679.00,0.00,0.84,4.00,-0.45
12/28/2015,78.12,9715843.00,0.00,0.77,3.04,-1.72
12/24/2015,80.27,5848311.00,0.00,-0.95,1.70,-3.49
12/23/2015,78.68,15183230.00,0.00,-1.18,2.20,-2.93
12/22/2015,77.70,13854057.00,1.00,0.79,1.47,-4.42
12/21/2015,77.79,14460450.00,1.00,3.67,-0.64,-4.55
12/18/2015,77.57,28772463.00,1.00,2.56,-0.50,-5.91
12/17/2015,79.02,17362915.00,0.00,1.13,-2.82,-6.87
12/16/2015,79.04,17232827.00,0.00,1.38,-4.37,-5.50
12/15/2015,77.43,24366833.00,1.00,-0.01,-4.58,-1.95
12/14/2015,74.30,21973260.00,1.00,-1.91,-3.67,-1.89
12/11/2015,74.82,20470858.00,1.00,-1.03,-2.15,-0.95
12/10/2015,75.80,20133497.00,1.00,-2.85,-2.31,-0.25
12/9/2015,74.84,22036336.00,1.00,-3.66,-0.73,0.67
12/8/2015,75.27,24208322.00,1.00,-2.66,0.58,-1.06
12/7/2015,77.33,17674886.00,0.00,-1.35,-0.09,-0.74
12/4/2015,77.35,20156434.00,0.00,-0.03,0.11,1.12
12/3/2015,79.72,14868257.00,0.00,-0.18,0.97,1.00
12/2/2015,81.31,16299331.00,0.00,1.23,0.19,1.36
12/1/2015,81.76,13916981.00,0.00,1.66,2.86,-0.13
11/30/2015,81.42,17714275.00,0.00,0.32,1.16,-0.36
11/27/2015,80.58,4156645.00,0.00,0.19,-0.31,1.72
11/25/2015,81.30,8980425.00,0.00,0.71,-2.12,2.90
11/24/2015,80.35,15052912.00,1.00,-0.50,-1.59,3.06
11/23/2015,79.60,11868403.00,1.00,2.40,-3.05,2.16
11/20/2015,80.57,10144398.00,1.00,0.72,-2.95,1.68
11/19/2015,80.51,9452859.00,1.00,-0.75,-4.12,2.42
11/18/2015,79.89,10884384.00,1.00,-2.42,-4.81,2.70
11/17/2015,80.71,10010744.00,0.00,-1.45,-3.02,4.64
11/16/2015,77.94,14546153.00,1.00,-2.87,0.78,4.82
11/13/2015,79.28,17524553.00,1.00,-1.97,1.08,8.00
11/12/2015,80.57,16048588.00,0.00,-2.51,2.04,6.02
11/11/2015,82.42,9598043.00,0.00,-2.86,2.58,7.57
11/10/2015,81.93,14236006.00,0.00,-0.85,3.20,8.01
11/9/2015,83.56,13550598.00,0.00,3.18,1.18,7.73
11/6/2015,83.93,12488207.00,0.00,2.66,1.14,6.68
11/5/2015,85.55,12291074.00,0.00,2.83,2.67,7.57
11/4/2015,86.77,14243047.00,0.00,2.57,1.92,6.25
11/3/2015,85.66,20115562.00,0.00,2.15,1.63,6.30
11/2/2015,82.30,21265779.00,1.00,-0.61,-0.26,5.15
10/30/2015,82.47,18758594.00,1.00,-0.45,-0.54,4.65
10/29/2015,81.79,10334974.00,1.00,1.41,1.46,3.24
10/28/2015,81.31,12472748.00,1.00,0.82,2.46,3.88
10/27/2015,80.57,13576824.00,1.00,1.08,2.52,4.67
10/26/2015,82.52,12576449.00,1.00,-0.43,1.46,4.51
10/23/2015,82.41,13215678.00,1.00,-0.78,0.63,4.08
10/22/2015,80.68,14821163.00,1.00,1.01,1.08,3.32
10/21/2015,80.86,10285460.00,1.00,2.22,1.32,1.49
10/20/2015,80.55,12340108.00,1.00,2.13,3.04,1.90
10/19/2015,82.01,14155779.00,0.00,0.93,2.93,2.40
10/16/2015,82.26,14302982.00,0.00,-0.18,5.53,1.40
10/15/2015,80.19,13640875.00,1.00,0.27,2.97,1.67
10/14/2015,78.97,14485198.00,1.00,0.42,4.19,1.26
10/13/2015,78.72,12326598.00,1.00,2.18,4.33,0.10
10/12/2015,79.59,9931754.00,1.00,1.99,3.69,-0.48
10/9/2015,80.05,17384670.00,1.00,4.57,2.41,0.21
10/8/2015,79.31,14344692.00,1.00,1.57,2.97,3.20
10/7/2015,78.97,18700810.00,1.00,2.40,1.41,2.17
10/6/2015,76.96,18756794.00,1.00,2.16,1.42,5.18
10/5/2015,76.65,18486540.00,1.00,1.35,0.33,-1.08
10/2/2015,73.39,18807816.00,1.00,0.15,-0.16,-3.03
10/1/2015,75.20,14397547.00,1.00,1.18,-1.26,-4.46
9/30/2015,73.40,17981786.00,1.00,-0.10,-0.37,-5.37
9/29/2015,72.65,13747877.00,1.00,0.37,0.69,-4.57
9/28/2015,72.62,14487427.00,1.00,-0.22,0.81,-5.09
9/25/2015,73.29,15175167.00,1.00,-0.49,0.66,-4.59
9/24/2015,72.00,14584249.00,1.00,-1.30,0.23,-3.51
9/23/2015,72.87,13784836.00,1.00,0.00,-1.36,-2.90
9/22/2015,72.35,14244885.00,1.00,1.10,-0.63,-2.78
9/21/2015,73.10,10851972.00,0.00,1.05,0.07,-3.13
9/18/2015,73.26,23180160.00,0.00,0.96,-0.53,-2.34
9/17/2015,74.41,15603018.00,0.00,0.16,-0.12,-3.18
9/16/2015,73.51,15213416.00,0.00,-1.86,-0.48,-3.09
9/15/2015,72.44,11979773.00,1.00,-1.08,-1.27,-3.74
9/14/2015,72.31,10738538.00,1.00,-0.30,-1.45,-6.49
9/11/2015,72.40,12172259.00,1.00,-0.79,-0.40,-7.65
9/10/2015,72.81,12352653.00,1.00,-0.10,2.84,-6.30
9/9/2015,74.37,17246222.00,0.00,-0.23,1.83,-3.47
9/8/2015,73.72,13626717.00,0.00,-0.91,4.68,-2.81
9/4/2015,72.93,14902476.00,0.00,-0.83,-1.47,-4.49
9/3/2015,73.64,13451867.00,0.00,0.22,-3.29,-4.81
9/2/2015,73.10,16936777.00,0.00,3.32,-4.50,-5.15
9/1/2015,73.24,24086128.00,0.00,1.96,-4.94,-4.41
8/31/2015,74.27,19567271.00,0.00,3.98,-3.99,-4.41
8/28/2015,74.71,18991451.00,0.00,-2.72,-4.37,-4.52
8/27/2015,73.87,24564440.00,0.00,-4.67,-3.67,-4.92
8/26/2015,70.63,34431427.00,1.00,-5.44,-2.16,-4.01
8/25/2015,71.31,30405356.00,1.00,-4.62,-0.85,-3.30
8/24/2015,67.99,35527308.00,1.00,-2.01,0.07,-2.57
8/21/2015,74.10,25487180.00,0.00,-1.47,0.08,-2.21
8/20/2015,76.00,17811205.00,0.00,-0.34,1.05,-2.76
8/19/2015,77.51,17007779.00,0.00,1.05,0.21,-1.95
8/18/2015,78.53,9814707.00,0.00,1.40,0.13,-1.72
8/17/2015,77.93,9365433.00,0.00,1.32,-0.76,-1.83
8/14/2015,78.64,9129284.00,0.00,0.55,-3.65,-2.04
8/13/2015,78.32,13153341.00,0.00,1.05,-4.72,-2.41
8/12/2015,77.44,16909190.00,0.00,-0.20,-3.29,-2.72
8/11/2015,77.01,14486353.00,1.00,-0.28,-0.31,-1.85
8/10/2015,77.09,14872956.00,1.00,-1.24,0.21,-2.46
8/7/2015,77.55,12187623.00,1.00,-3.73,-1.41,-3.24
8/6/2015,76.94,13004623.00,1.00,-4.26,-1.67,-3.06
8/5/2015,77.87,16405599.00,1.00,-2.06,-1.83,-3.13
8/4/2015,77.88,18874419.00,0.00,1.48,-0.96,-3.03
8/3/2015,78.70,15760658.00,0.00,2.19,-0.81,-2.33
7/31/2015,81.67,26232661.00,0.00,0.41,-0.83,-2.00
7/30/2015,83.18,11138856.00,0.00,-0.54,-1.51,-2.17
7/29/2015,82.18,13913768.00,0.00,-1.43,-0.98,-0.90
7/28/2015,79.70,19777108.00,0.00,-1.17,-0.69,-0.58
7/27/2015,79.23,14996094.00,1.00,-0.89,-0.10,-1.47
7/24/2015,81.16,14887919.00,0.00,-0.72,0.15,-2.02
7/23/2015,81.73,10496096.00,0.00,-1.03,-0.59,-2.42
7/22/2015,82.35,13181363.00,0.00,-0.27,0.05,-1.78
7/21/2015,81.93,8668419.00,0.00,0.25,0.23,-0.56
7/20/2015,82.15,12956460.00,0.00,0.65,0.08,-0.43
7/17/2015,82.51,12152966.00,0.00,0.59,-0.24,-0.94
7/16/2015,83.18,8267647.00,0.00,-0.45,-0.78,-1.41
7/15/2015,82.61,9289210.00,0.00,0.01,-1.20,-1.22
7/14/2015,82.38,9204451.00,0.00,0.03,-0.54,-1.28
7/13/2015,82.11,8026658.00,1.00,-0.18,-1.17,-1.04
7/10/2015,82.09,8628634.00,1.00,-0.37,-2.02,-0.95
7/9/2015,82.87,11980543.00,0.00,-0.70,-1.75,-1.02
7/8/2015,82.25,10056994.00,1.00,-0.92,-1.77,-1.65
7/7/2015,82.19,15641385.00,1.00,-0.24,-1.71,-2.48
7/6/2015,82.42,11691105.00,0.00,-0.75,-0.98,-2.61
7/2/2015,82.79,9187997.00,0.00,-1.61,-0.62,-2.59
7/1/2015,83.28,13529076.00,0.00,-1.19,-0.61,-1.52
6/30/2015,83.74,14981145.00,0.00,-1.15,0.75,-2.23
6/29/2015,83.05,11738771.00,0.00,-0.85,1.12,-1.57
6/26/2015,83.83,19022853.00,0.00,-0.11,0.09,-1.60
6/25/2015,84.85,10249312.00,0.00,0.32,-0.52,-1.86
6/24/2015,84.89,11800118.00,0.00,0.10,-1.00,-1.39
6/23/2015,85.22,10223910.00,0.00,1.24,-0.50,-2.98
6/22/2015,85.39,9259980.00,0.00,1.23,0.58,-2.79
6/19/2015,84.92,16117040.00,0.00,-0.05,0.53,-2.24
6/18/2015,84.80,10247639.00,0.00,-0.85,-0.16,-3.80
6/17/2015,85.03,9090188.00,0.00,-1.30,-0.67,-3.99
6/16/2015,83.81,9100116.00,1.00,-0.77,-0.51,-3.29
6/15/2015,83.53,9563933.00,1.00,0.57,-0.50,-1.55
6/12/2015,84.58,8347341.00,1.00,0.67,-0.23,-2.26
6/11/2015,85.30,7759265.00,0.00,-0.07,-0.24,-1.00
6/10/2015,85.84,10147049.00,0.00,-0.65,-0.44,-0.63
6/9/2015,85.29,8105514.00,0.00,-0.43,-1.11,-0.74
6/8/2015,84.18,12244688.00,1.00,-0.51,-1.89,-0.45
6/5/2015,84.13,11388508.00,1.00,-0.17,-1.89,-0.51
6/4/2015,84.70,12607257.00,0.00,0.00,-1.71,-0.08
6/3/2015,85.23,8179540.00,0.00,-0.16,-0.58,-0.36
6/2/2015,85.12,9328282.00,0.00,-0.86,-1.25,-0.04
6/1/2015,85.25,9077427.00,0.00,-1.53,-0.52,0.01
5/29/2015,85.10,14630171.00,0.00,-1.42,-0.47,-0.64
5/28/2015,85.11,8038943.00,0.00,-1.13,-0.68,0.20
5/27/2015,85.30,10777874.00,0.00,0.17,-0.09,1.79
5/26/2015,86.04,11288247.00,0.00,-0.37,-1.59,1.47
5/22/2015,86.99,7598432.00,0.00,0.31,-1.29,1.98
5/21/2015,87.28,8357239.00,0.00,0.13,-0.78,3.27
5/20/2015,87.39,7275591.00,0.00,-0.34,-2.32,1.37
5/19/2015,86.47,9777078.00,0.00,0.06,-2.48,2.11
5/18/2015,87.31,6395272.00,0.00,-1.59,-1.70,1.92
5/15/2015,86.80,8422203.00,0.00,-1.21,0.02,2.88
5/14/2015,86.93,8791175.00,1.00,-0.61,-0.76,1.18
5/13/2015,87.28,8629433.00,0.00,-1.93,0.54,1.98
5/12/2015,86.89,9788232.00,1.00,-1.94,0.90,2.51
5/11/2015,88.53,11997252.00,0.00,-0.92,0.73,2.64
5/8/2015,88.47,11386138.00,0.00,0.62,0.75,1.22
5/7/2015,88.00,9991651.00,0.00,-0.24,0.57,1.38
5/6/2015,89.65,11273099.00,0.00,0.86,0.82,1.01
5/5/2015,89.97,11894913.00,0.00,0.98,0.31,1.18
5/4/2015,89.42,10343075.00,0.00,0.37,0.37,1.38
5/1/2015,87.85,12257076.00,1.00,0.21,0.17,0.71
4/30/2015,88.67,13947010.00,0.00,0.08,-0.54,2.32
4/29/2015,87.50,12518032.00,1.00,0.32,0.22,1.19
4/28/2015,87.22,9632964.00,1.00,-0.21,1.65,1.92
4/27/2015,87.41,10529790.00,1.00,0.09,1.16,1.63
4/24/2015,87.19,8405737.00,1.00,0.07,1.57,1.00
4/23/2015,87.36,9865904.00,1.00,-0.63,2.65,0.39
4/22/2015,87.04,8663330.00,1.00,0.23,0.51,0.39
4/21/2015,87.38,10100460.00,1.00,1.72,1.19,-0.97
4/20/2015,87.13,11593561.00,1.00,1.02,0.84,-1.31
4/17/2015,87.14,14424332.00,1.00,1.30,1.63,-1.98
4/16/2015,87.88,9570809.00,0.00,2.05,-0.30,-2.89
4/15/2015,87.14,15332834.00,1.00,-0.55,0.24,-2.87
4/14/2015,85.60,15693825.00,1.00,0.06,0.72,-3.23
4/13/2015,85.92,9880507.00,1.00,-0.12,0.77,-3.68
4/10/2015,85.37,13372133.00,1.00,0.69,-0.61,-3.81
4/9/2015,84.00,13259323.00,1.00,-0.96,-0.34,-4.09
4/8/2015,85.80,16257095.00,1.00,0.08,-0.54,-3.67
4/7/2015,85.01,11832739.00,1.00,0.63,-0.30,-3.49
4/6/2015,85.15,10915429.00,1.00,0.55,-0.01,-3.47
4/2/2015,84.09,11297401.00,1.00,-0.70,-0.52,-3.54
4/1/2015,85.70,14522257.00,0.00,-0.37,1.30,-5.67
3/31/2015,84.85,13353890.00,0.00,-0.72,0.20,-6.16
3/30/2015,84.27,15652470.00,1.00,-0.48,0.95,-5.86
3/27/2015,84.04,11570694.00,1.00,0.06,0.79,-4.32
3/26/2015,85.30,14399825.00,0.00,-0.44,0.25,-2.67
3/25/2015,85.05,11933737.00,0.00,1.45,-0.34,-4.19
3/24/2015,85.30,10153081.00,0.00,0.37,-0.25,-3.61
3/23/2015,85.02,17211739.00,0.00,1.06,-1.58,-4.11
3/20/2015,84.67,36083450.00,1.00,0.74,-1.76,-4.14
3/19/2015,85.19,12737812.00,0.00,0.17,-2.19,-3.16
3/18/2015,83.54,18743533.00,1.00,-0.74,-2.97,-2.21
3/17/2015,84.54,12978558.00,1.00,-0.59,-2.58,1.02
3/16/2015,83.71,13515985.00,1.00,-1.81,-2.67,1.80
3/13/2015,83.90,16796624.00,1.00,-1.75,-2.75,0.87
3/12/2015,84.43,10792898.00,1.00,-1.91,-2.55,-1.67
3/11/2015,84.93,12992367.00,0.00,-2.17,-2.43,-1.80
3/10/2015,84.82,17195460.00,0.00,-1.46,-1.67,-0.92
3/9/2015,86.12,14503802.00,0.00,-1.30,-1.22,-2.40
3/6/2015,86.41,16070466.00,0.00,-1.27,-0.93,-2.19
3/5/2015,87.07,12527581.00,0.00,-1.12,-0.90,-1.45
3/4/2015,87.96,13467242.00,0.00,-1.08,-2.86,-0.72
3/3/2015,87.93,13491039.00,0.00,-0.48,-3.08,1.56
3/2/2015,88.34,13792684.00,0.00,-0.22,-2.50,0.14
2/27/2015,88.89,13089915.00,0.00,-0.08,-0.88,1.66
2/26/2015,89.13,13981200.00,0.00,-0.16,0.76,-0.22
2/25/2015,89.57,9925652.00,0.00,-2.23,-0.82,-0.56
2/24/2015,89.33,9990726.00,0.00,-2.26,-0.27,-1.53
2/23/2015,89.26,12769607.00,0.00,-1.34,-0.72,-0.37
2/20/2015,89.40,15959345.00,0.00,0.39,-0.76,0.25
2/19/2015,89.64,19349050.00,0.00,2.06,0.19,0.68
2/18/2015,91.99,19176029.00,0.00,0.34,1.05,-1.21
2/17/2015,92.75,11755575.00,0.00,0.38,3.76,-1.36
2/13/2015,92.70,12060981.00,0.00,-0.69,3.85,-1.57
2/12/2015,91.46,14842992.00,0.00,-0.98,2.31,-1.89
2/11/2015,90.02,12238495.00,1.00,-0.06,-0.61,-2.37
2/10/2015,91.74,12952873.00,0.00,0.93,-0.98,-2.96
2/9/2015,91.40,11360079.00,1.00,3.58,-0.33,-3.11
2/6/2015,92.10,12330838.00,0.00,3.45,-2.06,-2.31
2/5/2015,92.39,12807306.00,0.00,1.44,-2.04,-1.72
2/4/2015,91.64,19630544.00,0.00,-1.92,-1.43,1.10
2/3/2015,90.90,21900857.00,1.00,-2.54,-0.94,0.91
2/2/2015,87.85,20304347.00,1.00,-1.48,1.37,4.02
1/30/2015,87.16,22678122.00,1.00,-2.45,0.07,4.85
1/29/2015,88.22,22679567.00,1.00,-1.43,1.77,3.67
1/28/2015,90.88,17827933.00,0.00,-0.07,0.05,2.45
1/27/2015,91.24,12301462.00,0.00,0.56,-0.38,2.24
1/26/2015,90.61,10672007.00,0.00,2.59,-1.40,0.28
1/23/2015,92.28,14701781.00,0.00,0.75,-0.22,-0.22
1/22/2015,92.31,13557873.00,0.00,1.61,0.17,-1.93
1/21/2015,91.74,14276180.00,0.00,-0.70,0.37,-2.91
1/20/2015,91.14,16722847.00,0.00,-1.21,-1.57,-2.98
1/16/2015,88.98,17713093.00,1.00,-2.07,-1.55,-3.39
1/15/2015,90.43,18758720.00,1.00,-0.37,-1.37,-0.87
1/14/2015,88.95,23271698.00,1.00,0.43,-1.39,1.18
1/13/2015,90.88,17632328.00,1.00,0.80,-1.64,0.06
1/12/2015,91.24,15175491.00,0.00,-1.07,-2.02,-2.95
1/9/2015,92.30,14324465.00,0.00,-1.07,-2.08,-4.23
1/8/2015,91.25,15466246.00,0.00,-1.20,-1.14,-4.44
1/7/2015,90.65,13589990.00,0.00,-1.09,-0.32,-5.10
1/6/2015,90.24,16663441.00,1.00,-1.00,2.81,-3.07
1/5/2015,92.10,18502381.00,0.00,-1.07,2.74,-2.60
1/2/2015,92.25,10219070.00,0.00,-1.11,5.49,-2.53
12/31/2014,92.42,11337219.00,0.00,0.01,5.74,-2.21
12/30/2014,92.77,8743369.00,0.00,0.64,3.98,-2.16
12/29/2014,93.33,9892119.00,0.00,3.50,2.15,-2.20
12/26/2014,93.99,10584797.00,0.00,2.93,1.60,-3.07
12/24/2014,94.22,6875691.00,0.00,5.11,-0.77,-2.86
12/23/2014,93.52,13697992.00,0.00,4.33,-1.60,-3.90
12/22/2014,92.96,17871337.00,1.00,1.90,-3.43,-2.72
12/19/2014,90.21,38468954.00,1.00,-0.69,-4.46,-2.01
12/18/2014,90.37,22876354.00,1.00,-1.23,-4.32,-2.06
12/17/2014,87.24,23323043.00,1.00,-3.16,-4.27,-1.02
12/16/2014,86.38,26370628.00,1.00,-2.68,-1.14,-2.78
12/15/2014,87.53,21373561.00,1.00,-3.39,1.36,-0.88
12/12/2014,88.71,24564646.00,1.00,-3.00,0.62,0.50
12/11/2014,88.86,21519617.00,1.00,-2.14,-2.00,-0.87
12/10/2014,90.72,22278299.00,0.00,-1.43,-2.75,0.32
12/9/2014,91.23,15879222.00,0.00,1.49,-2.65,0.99
12/8/2014,92.90,15735436.00,0.00,3.58,-3.00,0.74
12/5/2014,93.95,11831896.00,0.00,1.78,-0.97,0.63
12/4/2014,94.13,13115006.00,0.00,-1.34,-0.55,0.94
12/3/2014,94.67,16220449.00,0.00,-2.74,-0.56,2.00
12/2/2014,92.32,20885295.00,1.00,-2.77,-0.24,4.15
12/1/2014,90.36,27584224.00,1.00,-2.73,0.01,3.61
11/28/2014,91.50,19556690.00,1.00,0.15,0.34,6.16
11/26/2014,94.64,9822941.00,0.00,0.67,-0.52,5.60
11/25/2014,96.01,13747362.00,0.00,0.69,-0.23,2.97
11/24/2014,96.34,10170605.00,0.00,0.79,-1.27,2.98
11/21/2014,97.20,12374192.00,0.00,0.43,-0.22,1.68
11/20/2014,95.37,8422369.00,0.00,0.11,0.45,-0.06
11/19/2014,95.08,8331570.00,0.00,-0.88,0.21,0.54
11/18/2014,95.08,9272445.00,1.00,-0.45,1.04,-0.36
11/17/2014,94.85,8704386.00,1.00,-1.31,-1.01,-0.12
11/14/2014,94.87,9351103.00,1.00,0.06,0.72,0.25
11/13/2014,94.96,12355397.00,1.00,1.00,1.82,1.41
11/12/2014,95.90,11589288.00,0.00,0.76,0.19,-0.39
11/11/2014,95.78,7990045.00,0.00,1.24,1.04,-0.47
11/10/2014,96.87,9087594.00,0.00,-1.02,1.38,-1.13
11/7/2014,95.80,13233484.00,0.00,0.57,0.83,-0.79
11/6/2014,95.18,14729148.00,1.00,1.33,0.49,-2.19
11/5/2014,95.36,12479257.00,1.00,-0.31,0.65,-2.37
11/4/2014,94.50,13495991.00,1.00,0.78,1.66,-2.73
11/3/2014,96.56,13403922.00,0.00,1.06,3.54,-3.31
10/31/2014,94.99,17493736.00,1.00,0.28,2.49,-3.48
10/30/2014,93.87,9766074.00,1.00,0.09,4.66,-3.48
10/29/2014,95.42,12410105.00,0.00,0.15,3.80,-4.15
10/28/2014,94.44,12570452.00,1.00,0.96,0.85,-2.39
10/27/2014,93.85,11393344.00,1.00,2.80,0.74,-1.81
10/24/2014,94.19,9738994.00,1.00,1.64,-0.67,-2.57
10/23/2014,94.31,11349908.00,1.00,3.49,-2.51,-2.26
10/22/2014,93.96,12742747.00,1.00,2.49,-1.73,-3.18
10/21/2014,92.86,15756150.00,1.00,-0.62,-2.61,-3.38
10/20/2014,90.63,10825569.00,1.00,-0.64,-2.08,-4.41
10/17/2014,91.13,18194303.00,1.00,-1.68,-1.39,-3.96
10/16/2014,88.58,25212794.00,1.00,-3.04,0.08,-3.96
10/15/2014,89.00,24704546.00,1.00,-1.54,-1.37,-3.53
10/14/2014,91.49,23121774.00,1.00,-1.82,-1.02,-3.83
10/13/2014,91.32,14451647.00,1.00,-0.83,-1.26,-3.50
10/10/2014,92.44,18173052.00,0.00,0.05,-0.50,-2.89
10/9/2014,94.05,17916151.00,0.00,1.55,-1.59,-3.37
10/8/2014,93.42,15592429.00,0.00,-0.52,-1.68,-2.54
10/7/2014,94.27,10787852.00,0.00,-0.38,-1.82,-2.06
10/6/2014,94.01,10599719.00,0.00,-1.00,-2.24,-2.00
10/3/2014,93.60,11570812.00,0.00,-0.32,-2.10,-2.73
10/2/2014,92.39,13756563.00,1.00,-1.46,-1.84,-2.27
10/1/2014,94.11,14028087.00,0.00,-1.07,-2.17,-2.00
9/30/2014,94.11,15578303.00,0.00,-1.09,-0.16,-1.60
9/29/2014,94.71,14022892.00,0.00,-1.29,0.53,-1.40
9/26/2014,94.33,11256807.00,0.00,-1.13,-0.23,-1.14
9/25/2014,95.66,12780573.00,0.00,-0.73,0.25,-0.70
9/24/2014,95.87,12164107.00,0.00,-1.23,-0.69,0.00
9/23/2014,96.28,10286543.00,0.00,0.73,-0.88,-0.98
9/22/2014,96.90,8795439.00,0.00,1.18,-1.99,-0.41
9/19/2014,97.08,18178100.00,0.00,0.11,-1.60,-1.33
9/18/2014,97.15,8636600.00,0.00,0.40,-1.68,0.32
9/17/2014,97.91,8774200.00,0.00,-0.69,-1.34,-0.92
9/16/2014,96.23,11574100.00,1.00,-1.03,-1.80,-0.09
9/15/2014,95.73,10689400.00,1.00,-1.96,-1.43,0.11
9/12/2014,96.53,10257500.00,1.00,-1.09,-0.72,-3.14
9/11/2014,96.32,10181100.00,1.00,-1.08,-1.21,-4.68
9/10/2014,97.36,12103500.00,0.00,-0.48,-0.26,-4.94
9/9/2014,97.69,9756400.00,0.00,-0.83,0.18,-4.26
9/8/2014,98.92,10061300.00,0.00,-0.44,0.18,-4.28
9/5/2014,98.74,9476900.00,0.00,-0.04,-0.73,-4.61
9/4/2014,99.00,9647200.00,0.00,-0.55,-0.35,-3.63
9/3/2014,98.86,8475100.00,0.00,0.22,-0.26,-3.48
9/2/2014,99.43,8957100.00,0.00,0.58,0.06,-2.05
8/29/2014,99.38,8873700.00,0.00,0.31,0.06,-2.27
8/28/2014,99.04,6062300.00,0.00,-0.66,0.15,-2.87
8/27/2014,99.78,5848700.00,0.00,-0.38,0.39,-1.91
8/26/2014,99.12,8518400.00,0.00,-0.36,0.88,-1.79
8/25/2014,98.81,7569800.00,1.00,0.02,-0.19,-1.30
8/22/2014,98.89,8095000.00,1.00,0.16,0.41,-1.42
8/21/2014,99.80,6826200.00,0.00,0.27,-0.65,-1.79
8/20/2014,99.55,6751800.00,0.00,0.42,0.84,-1.74
8/19/2014,99.50,8888100.00,0.00,0.83,-0.57,-1.00
8/18/2014,99.28,7135400.00,0.00,-0.39,0.24,-0.89
8/15/2014,99.24,9226900.00,0.00,0.22,0.33,-0.39
8/14/2014,99.10,6547300.00,1.00,-0.91,-3.04,0.49
8/13/2014,98.82,7649600.00,1.00,0.64,-4.38,0.56
8/12/2014,98.21,9583700.00,1.00,-0.70,-4.35,0.58
8/11/2014,99.28,8589600.00,0.00,0.32,-3.42,0.20
8/8/2014,98.81,11199300.00,1.00,0.26,-3.28,0.01
8/7/2014,99.77,10017100.00,0.00,-2.97,-3.16,-0.27
8/6/2014,98.20,9911300.00,1.00,-3.87,-1.86,-1.98
8/5/2014,99.48,13069400.00,0.00,-3.28,-1.32,-1.70
8/4/2014,98.74,12148200.00,0.00,-2.17,0.25,-0.75
8/1/2014,98.62,14915000.00,1.00,-1.50,0.31,0.05
7/31/2014,101.98,18291800.00,0.00,-0.92,-0.04,0.21
7/30/2014,103.73,11072100.00,0.00,0.06,0.83,0.18
7/29/2014,104.21,8055400.00,0.00,0.06,0.75,0.16
7/28/2014,103.73,9197800.00,0.00,1.31,1.05,0.78
7/25/2014,103.93,7775500.00,0.00,0.89,0.68,0.20
7/24/2014,104.42,7943000.00,0.00,-0.20,0.03,1.40
7/23/2014,103.64,7007200.00,0.00,0.53,-0.12,1.01
7/22/2014,103.64,7426300.00,0.00,0.33,0.43,0.98
7/21/2014,102.36,6632400.00,1.00,0.61,0.39,1.77
7/18/2014,102.69,8208300.00,1.00,0.18,0.76,2.20
7/17/2014,103.38,8145700.00,1.00,-0.25,1.48,2.02
7/16/2014,102.56,8870200.00,1.00,-0.37,1.24,2.52
7/15/2014,102.53,8755800.00,1.00,0.34,1.01,1.50
7/14/2014,102.17,8253100.00,1.00,0.34,0.41,1.16
7/11/2014,102.40,7680800.00,1.00,0.89,0.16,0.41
7/10/2014,102.88,8533700.00,0.00,1.49,-0.28,0.67
7/9/2014,102.96,7655300.00,0.00,1.05,-2.20,0.21
7/8/2014,102.33,9613600.00,1.00,0.56,-1.98,0.22
7/7/2014,102.33,7979600.00,1.00,-0.19,-1.03,-0.08
7/3/2014,101.95,6922600.00,1.00,-0.57,-0.35,0.87
7/2/2014,101.15,6954400.00,1.00,-0.86,-0.20,1.00
7/1/2014,101.15,8399600.00,1.00,-2.42,-0.10,1.25
6/30/2014,101.21,9536500.00,1.00,-1.61,0.13,1.08
6/27/2014,101.67,15147400.00,1.00,-0.26,0.92,-0.34
6/26/2014,101.94,8424200.00,0.00,0.53,0.35,-0.69
6/25/2014,102.34,10714800.00,0.00,0.69,1.60,-0.51
6/24/2014,104.18,9708400.00,0.00,0.62,1.18,-0.67
6/23/2014,104.11,8553700.00,0.00,0.34,0.93,-0.13
6/20/2014,103.28,17674400.00,0.00,0.74,1.54,-1.57
6/19/2014,102.61,11105600.00,1.00,0.02,1.85,-1.58
6/18/2014,102.57,9575100.00,1.00,1.13,1.47,-1.06
6/17/2014,102.58,9355400.00,1.00,0.65,1.88,-0.14
6/16/2014,102.57,8977600.00,1.00,0.40,0.65,0.24
6/13/2014,101.93,8240300.00,1.00,1.03,0.16,-0.48
6/12/2014,102.46,11421000.00,1.00,1.32,-0.62,0.38
6/11/2014,101.19,10270300.00,1.00,0.82,-0.39,-0.08
6/10/2014,101.48,7917500.00,1.00,1.23,-0.78,0.76
6/9/2014,101.45,6404800.00,1.00,-0.03,-0.74,1.46
6/6/2014,100.61,9340900.00,1.00,-0.51,-1.01,0.91
6/5/2014,100.10,12296100.00,1.00,-1.11,0.09,0.80
6/4/2014,100.21,7148800.00,1.00,-0.59,0.32,0.87
6/3/2014,99.59,9384200.00,1.00,-0.78,0.63,1.39
6/2/2014,100.53,7761300.00,1.00,-0.44,0.54,1.75
5/30/2014,100.80,11499000.00,0.00,-0.51,-0.84,2.37
5/29/2014,101.54,6113700.00,0.00,0.60,-1.10,3.75
5/28/2014,101.23,7586700.00,0.00,0.69,-0.79,3.73
5/27/2014,101.61,8359700.00,0.00,0.86,-0.85,4.56
5/23/2014,101.55,5410900.00,0.00,0.57,-0.17,3.94
5/22/2014,101.81,5304300.00,0.00,-0.98,-1.47,3.03
5/21/2014,100.85,7747900.00,1.00,-1.29,-1.39,3.61
5/20/2014,100.69,6134100.00,1.00,-0.77,-0.67,3.25
5/19/2014,100.42,5851400.00,1.00,-0.65,0.45,2.08
5/16/2014,100.59,10369200.00,1.00,0.21,0.98,2.45
5/15/2014,102.00,13658700.00,0.00,-0.86,0.37,2.66
5/14/2014,102.36,6999200.00,0.00,-0.73,1.21,2.39
5/13/2014,102.18,7528800.00,0.00,-0.14,0.68,1.39
5/12/2014,102.33,8830500.00,0.00,0.90,1.42,3.26
5/9/2014,101.71,8948800.00,0.00,1.32,2.00,4.93
5/8/2014,103.09,8922500.00,0.00,0.46,1.28,3.73
5/7/2014,103.12,11007400.00,0.00,1.15,0.90,3.91
5/6/2014,102.60,9669800.00,0.00,0.47,0.73,3.99
5/5/2014,101.69,7614200.00,1.00,0.97,1.04,3.36
5/2/2014,101.28,11168100.00,1.00,1.38,1.22,4.77
5/1/2014,101.96,11161700.00,1.00,0.61,1.71,3.31
4/30/2014,101.13,13966700.00,1.00,0.12,2.81,3.29
4/29/2014,101.57,10094600.00,1.00,-0.04,2.54,3.51
4/28/2014,100.72,12710800.00,1.00,0.41,3.07,3.62
4/25/2014,99.99,10391500.00,1.00,0.76,2.24,2.54
4/24/2014,100.48,9057800.00,1.00,1.38,1.20,3.15
4/23/2014,100.59,8686000.00,1.00,2.49,1.64,1.21
4/22/2014,100.53,8212100.00,1.00,2.08,1.04,1.26
4/21/2014,100.03,8002100.00,1.00,2.21,-0.37,1.84
4/17/2014,99.69,15439800.00,1.00,1.02,-0.15,2.32
4/16/2014,99.05,12508100.00,1.00,-0.28,-0.05,0.58
4/15/2014,97.58,12961600.00,1.00,0.22,-0.26,-0.88
4/14/2014,97.49,9610200.00,1.00,-0.24,-1.12,-0.13
4/11/2014,96.51,13352500.00,1.00,-1.16,1.00,-0.34
4/10/2014,96.98,13443400.00,1.00,-0.46,2.81,0.01
4/9/2014,97.75,10463900.00,1.00,-0.04,1.59,-1.03
4/8/2014,97.01,10243000.00,1.00,-0.10,1.80,-1.04
4/7/2014,97.25,10120700.00,1.00,-0.76,1.92,-0.13
4/4/2014,98.30,12496100.00,0.00,1.33,1.28,-0.07
4/3/2014,97.83,10113000.00,0.00,2.85,2.60,1.47
4/2/2014,97.53,9551000.00,0.00,1.25,0.97,1.39
4/1/2014,97.65,9475300.00,0.00,1.15,0.91,1.00
3/31/2014,98.49,12375200.00,0.00,0.88,1.03,3.17
3/28/2014,96.47,12321800.00,1.00,-0.14,0.98,4.15
3/27/2014,94.61,15427500.00,1.00,1.19,-0.14,3.56
3/26/2014,95.56,11033300.00,1.00,-0.22,0.61,4.88
3/25/2014,95.10,9796600.00,1.00,-0.02,-1.20,3.81
3/24/2014,94.76,9539800.00,1.00,0.38,-0.90,4.00
3/21/2014,95.10,24479800.00,1.00,0.58,-0.05,4.46
3/20/2014,93.44,10405000.00,1.00,-0.47,0.56,3.50
3/19/2014,94.65,9914700.00,1.00,0.43,-0.96,3.31
3/18/2014,94.41,8757300.00,1.00,-1.43,-2.17,1.61
3/17/2014,93.95,8676100.00,1.00,-0.98,-1.22,0.60
3/14/2014,93.58,11723300.00,1.00,0.10,-1.14,-0.53
3/13/2014,94.44,9872500.00,0.00,0.82,-0.54,-1.41
3/12/2014,93.64,9705400.00,1.00,-0.79,-1.36,-1.78
3/11/2014,95.36,12143600.00,0.00,-1.68,-1.11,-1.48
3/10/2014,95.15,9964500.00,0.00,-0.85,-0.09,-2.60
3/7/2014,94.37,12659100.00,0.00,-0.79,0.05,-3.61
3/6/2014,93.67,12610400.00,1.00,0.01,1.84,-5.10
3/5/2014,95.20,19829600.00,0.00,-0.58,1.90,-4.63
3/4/2014,96.59,12566100.00,0.00,-0.60,1.39,-5.15
3/3/2014,95.76,11896700.00,0.00,0.52,3.54,-4.65
2/28/2014,95.96,12651400.00,0.00,0.40,4.24,-4.94
2/27/2014,95.58,9101200.00,0.00,1.94,3.35,-4.47
2/26/2014,96.56,9087600.00,0.00,1.62,4.30,-5.48
2/25/2014,96.54,10663000.00,0.00,0.90,2.73,-5.42
2/24/2014,95.61,16012500.00,1.00,2.73,2.48,-5.52
2/21/2014,95.48,11282200.00,1.00,3.20,2.57,-6.32
2/20/2014,93.85,14424300.00,1.00,1.92,1.19,-4.55
2/19/2014,93.80,12227800.00,1.00,2.75,0.73,-4.69
2/18/2014,94.07,12979300.00,1.00,0.95,-1.21,-4.34
2/14/2014,91.78,18260400.00,1.00,0.57,-2.34,-4.56
2/13/2014,90.59,9775300.00,1.00,0.85,-3.24,-4.55
2/12/2014,91.01,10752400.00,1.00,-0.24,-3.77,-5.28
2/11/2014,89.56,13422800.00,1.00,-0.47,-3.70,-4.63
2/10/2014,90.45,12237700.00,1.00,-1.91,-2.89,-2.44
2/7/2014,90.12,12573800.00,1.00,-2.53,-3.57,-1.06
2/6/2014,89.51,13646100.00,1.00,-2.84,-3.92,-1.44
2/5/2014,90.31,16393600.00,1.00,-2.66,-4.72,-1.52
2/4/2014,90.37,17414400.00,0.00,-1.96,-3.56,-1.32
2/3/2014,91.92,20377900.00,0.00,-0.71,-3.26,1.07
1/31/2014,92.85,17361400.00,0.00,-1.28,-2.19,1.63
1/30/2014,94.00,14628400.00,0.00,-1.75,-2.08,2.48
1/29/2014,94.93,13191500.00,0.00,-2.83,-1.32,3.63
1/28/2014,95.35,10773600.00,0.00,-1.95,-2.14,4.25
1/27/2014,95.08,12474600.00,0.00,-1.71,-1.66,3.35
1/24/2014,96.18,14584300.00,0.00,-0.50,-1.38,2.86
1/23/2014,97.25,15393200.00,0.00,-0.51,-2.00,2.77
1/22/2014,98.88,11642800.00,0.00,0.10,-0.10,3.68
1/21/2014,98.57,13847300.00,0.00,-1.00,-0.31,4.43
1/17/2014,99.18,15998000.00,0.00,-0.81,-0.11,4.16
1/16/2014,98.79,9421700.00,0.00,-0.85,-0.43,4.60
1/15/2014,99.16,9425500.00,0.00,-1.45,-0.50,4.76
1/14/2014,98.80,9265000.00,0.00,0.52,-1.42,4.19
1/13/2014,99.91,12110900.00,0.00,0.41,-0.84,3.32
1/10/2014,99.99,10535400.00,0.00,0.38,1.02,2.72
1/9/2014,100.20,11674300.00,0.00,-0.03,2.06,2.11
1/8/2014,101.19,11180400.00,0.00,-0.25,1.16,2.17
1/7/2014,99.61,11187000.00,0.00,-1.44,0.53,2.06
1/6/2014,99.94,11848500.00,1.00,-0.78,0.40,1.00
1/3/2014,99.77,9295600.00,1.00,1.31,2.47,1.21
1/2/2014,100.18,11028100.00,1.00,2.30,2.58,0.49
12/31/2013,100.49,8509600.00,0.00,1.09,2.93,2.12
12/30/2013,101.53,9007900.00,0.00,0.37,3.58,3.35
12/27/2013,101.24,10209000.00,0.00,-0.15,3.59,3.52
12/26/2013,99.42,9531200.00,1.00,1.65,2.05,2.79
12/24/2013,98.33,4168300.00,1.00,1.56,1.18,2.40
12/23/2013,99.00,10127600.00,1.00,2.04,0.86,3.26
12/20/2013,99.39,23331000.00,1.00,2.52,1.54,2.20
12/19/2013,99.50,12905900.00,1.00,2.34,1.91,2.21
12/18/2013,97.43,21331300.00,1.00,0.40,1.30,3.04
12/17/2013,97.02,14920900.00,1.00,-0.33,1.65,4.22
12/16/2013,96.28,23226000.00,1.00,-0.65,1.61,4.24
12/13/2013,95.13,10629500.00,1.00,0.39,1.05,4.34
12/12/2013,94.50,15562600.00,1.00,1.05,0.18,4.60
12/11/2013,95.38,12811800.00,1.00,1.01,-0.20,4.94
12/10/2013,95.90,9868100.00,1.00,1.34,-0.73,5.31
12/9/2013,95.95,15516700.00,0.00,1.20,-0.56,4.65
12/6/2013,94.97,12063400.00,1.00,0.39,-0.55,4.66
12/5/2013,94.07,10586000.00,1.00,-0.39,-1.39,4.90
12/4/2013,94.19,13074000.00,1.00,-0.86,-0.97,4.91
12/3/2013,93.60,12599500.00,1.00,-1.18,-1.44,4.46
12/2/2013,93.27,9310500.00,1.00,-0.63,0.57,4.07
11/29/2013,93.65,6770500.00,1.00,-0.28,2.01,4.43
11/27/2013,94.36,8828100.00,0.00,-1.00,2.35,3.86
11/26/2013,94.75,11857900.00,0.00,-0.42,1.74,3.62
11/25/2013,95.21,10515100.00,0.00,-0.93,1.35,4.33
11/22/2013,94.96,8534700.00,0.00,0.95,2.17,4.67
11/21/2013,94.85,9128400.00,0.00,2.13,1.06,4.77
11/20/2013,95.75,10455400.00,0.00,2.17,1.13,4.62
11/19/2013,95.40,12697300.00,0.00,1.17,1.87,3.78
11/18/2013,95.98,14243700.00,0.00,0.49,2.87,3.75
11/15/2013,94.15,18374500.00,1.00,1.03,2.59,2.71
11/14/2013,92.68,7909200.00,1.00,-0.06,2.52,2.73
11/13/2013,92.22,9280000.00,1.00,0.29,2.62,2.80
11/12/2013,92.67,10727300.00,1.00,1.23,2.76,2.34
11/11/2013,92.85,7924700.00,1.00,2.40,2.91,2.04
11/8/2013,91.80,12330100.00,1.00,2.08,2.04,1.05
11/7/2013,92.64,16572100.00,1.00,1.90,1.93,0.34
11/6/2013,92.42,13464600.00,1.00,1.50,1.83,-0.06
11/5/2013,91.34,21122500.00,1.00,1.41,1.66,-0.21
11/4/2013,90.00,20591600.00,1.00,1.25,0.96,-1.05
11/1/2013,89.74,19023500.00,1.00,0.48,0.55,-2.33
10/31/2013,89.45,19185200.00,1.00,0.49,0.89,-2.45
10/30/2013,88.97,14305900.00,1.00,0.71,0.39,-1.70
10/29/2013,88.45,10340000.00,1.00,0.75,0.19,-1.50
10/28/2013,87.83,9921900.00,1.00,0.34,1.08,-1.65
10/25/2013,88.23,11382000.00,1.00,0.07,1.59,-0.91
10/24/2013,87.98,12288900.00,1.00,0.44,1.73,-1.36
10/23/2013,87.52,11449100.00,1.00,0.03,1.66,-0.61
10/22/2013,87.29,12710600.00,1.00,-0.20,0.90,-1.14
10/21/2013,87.50,10730900.00,1.00,0.84,1.06,-0.05
10/18/2013,87.69,12425100.00,1.00,1.33,0.20,-0.21
10/17/2013,87.13,10438200.00,1.00,1.42,0.27,-0.79
10/16/2013,87.48,11668100.00,1.00,1.16,0.44,0.28
10/15/2013,87.47,12018000.00,1.00,0.39,0.12,-0.40
10/14/2013,86.51,9742100.00,1.00,0.34,-0.11,-0.10
10/11/2013,85.90,12661800.00,1.00,-0.52,-0.90,-1.33
10/10/2013,85.52,17532400.00,1.00,-0.36,-1.35,0.11
10/9/2013,85.35,13575100.00,1.00,0.11,-1.34,0.83
10/8/2013,85.86,15335700.00,1.00,-0.03,-1.16,0.00
10/7/2013,85.57,10985800.00,1.00,-0.07,-1.67,0.40
10/4/2013,86.31,11325500.00,0.00,-0.75,-2.68,0.99
10/3/2013,86.04,13923400.00,0.00,-0.98,-2.41,0.66
10/2/2013,85.75,11841400.00,0.00,-0.96,-1.33,0.50
10/1/2013,85.99,11885100.00,0.00,-0.69,-0.84,-0.16
9/30/2013,86.06,17486100.00,0.00,-1.05,-0.74,-0.29
9/27/2013,86.85,10867100.00,0.00,-1.93,0.13,-0.89
9/26/2013,87.40,9787100.00,0.00,-1.60,-0.21,-1.51
9/25/2013,87.59,13577400.00,0.00,-0.38,0.67,-1.95
9/24/2013,87.59,12129200.00,0.00,0.13,0.19,-2.44
9/23/2013,88.29,12227700.00,0.00,0.15,1.28,-3.11
9/20/2013,89.53,20651100.00,0.00,0.82,0.99,-3.74
9/19/2013,89.64,11757500.00,0.00,0.12,0.23,-2.92
9/18/2013,88.91,15134700.00,0.00,0.69,1.10,-3.01
9/17/2013,88.71,8941200.00,0.00,-0.06,0.23,-3.01
9/16/2013,88.88,9421300.00,0.00,0.88,0.39,-3.94
9/13/2013,88.15,8254200.00,1.00,0.50,-0.97,-4.03
9/12/2013,88.59,10917200.00,1.00,-0.20,0.47,-5.07
9/11/2013,87.88,11201200.00,1.00,0.63,0.93,-5.20
9/10/2013,88.40,11823100.00,1.00,-0.19,-0.03,-5.28
9/9/2013,87.34,9297000.00,1.00,-0.06,0.27,-5.32
9/6/2013,87.49,12950600.00,1.00,-1.29,0.81,-4.98
9/5/2013,88.06,11740100.00,0.00,0.36,0.35,-5.34
9/4/2013,87.01,9822300.00,1.00,0.83,0.08,-4.65
9/3/2013,87.70,10546700.00,1.00,-0.06,-0.64,-4.40
8/30/2013,87.39,12480400.00,1.00,0.36,-0.75,-3.95
8/29/2013,88.63,11407800.00,0.00,0.87,-1.31,-2.83
8/28/2013,87.28,17738800.00,1.00,0.02,-1.98,-2.43
8/27/2013,86.62,13960200.00,1.00,-0.16,-2.23,-1.85
8/26/2013,87.50,10654700.00,0.00,-0.89,-2.53,-1.64
8/23/2013,87.15,9206400.00,1.00,-1.00,-2.98,-1.50
8/22/2013,86.58,10199900.00,1.00,-1.41,-3.23,-1.84
8/21/2013,86.95,12766900.00,1.00,-1.59,-1.99,-1.11
8/20/2013,87.13,16498800.00,1.00,-1.58,-1.68,-0.25
8/19/2013,87.82,11745600.00,0.00,-1.57,-1.30,0.60
8/16/2013,88.01,11872500.00,0.00,-1.78,-1.93,1.59
8/15/2013,88.66,11273400.00,0.00,-1.78,-1.71,2.14
8/14/2013,89.34,9797300.00,0.00,-0.55,-2.47,2.46
8/13/2013,89.85,10892700.00,0.00,-0.29,-2.32,2.47
8/12/2013,90.43,10133700.00,0.00,-0.04,-2.19,3.02
8/9/2013,91.20,9467800.00,0.00,-0.83,-2.05,2.61
8/8/2013,91.93,11529500.00,0.00,-0.87,-1.65,3.36
8/7/2013,91.18,8163800.00,0.00,-1.63,-1.90,3.13
8/6/2013,91.33,11689200.00,0.00,-1.45,-1.08,3.66
8/5/2013,91.42,12625900.00,0.00,-1.26,-0.77,2.78
8/2/2013,92.46,14408600.00,0.00,-0.95,-0.26,2.20
8/1/2013,92.69,23117700.00,0.00,-0.42,0.79,0.59
7/31/2013,93.93,14400800.00,0.00,-0.79,1.00,0.96
7/30/2013,94.22,10470700.00,0.00,-0.06,1.32,1.28
7/29/2013,94.51,8844700.00,0.00,0.09,1.24,0.97
7/26/2013,94.77,9721000.00,0.00,0.34,1.04,2.39
7/25/2013,94.69,10059800.00,0.00,1.11,0.32,0.71
7/24/2013,95.31,8222800.00,0.00,1.05,0.63,1.31
7/23/2013,94.86,7377400.00,0.00,1.04,1.08,-0.38
7/22/2013,94.87,9530400.00,0.00,0.72,1.50,0.55
7/19/2013,94.69,14431700.00,1.00,0.31,2.00,1.83
7/18/2013,93.80,10555400.00,1.00,-0.46,2.11,0.44
7/17/2013,93.56,9393300.00,1.00,-0.07,2.08,-0.15
7/16/2013,93.19,11413500.00,1.00,0.58,1.76,0.44
7/15/2013,93.19,8256200.00,1.00,1.06,2.01,-1.07
7/12/2013,93.25,11370300.00,1.00,1.55,1.29,-1.14
7/11/2013,93.80,16184700.00,1.00,1.50,1.76,-0.97
7/10/2013,93.28,12430000.00,1.00,1.33,1.23,-2.16
7/9/2013,92.64,12940000.00,1.00,0.70,1.37,-0.66
7/8/2013,91.96,12086700.00,1.00,0.86,0.29,-1.00
7/5/2013,91.10,8917900.00,1.00,0.16,-0.45,-2.11
7/3/2013,90.63,5674000.00,1.00,0.81,-1.97,-1.88
7/2/2013,90.37,12320700.00,1.00,0.34,-1.41,-0.75
7/1/2013,90.39,13182200.00,1.00,0.61,-0.89,-0.16
6/28/2013,89.85,22984200.00,1.00,-0.38,-1.06,0.12
6/27/2013,90.24,12348000.00,1.00,-1.06,0.60,0.32
6/26/2013,89.42,14446000.00,1.00,-2.37,-0.91,0.85
6/25/2013,89.58,15790100.00,1.00,-1.37,-0.02,1.23
6/24/2013,88.95,17653000.00,1.00,-0.38,-1.31,0.22
6/21/2013,89.76,25493800.00,0.00,-0.35,-0.07,0.00
6/20/2013,90.24,21077700.00,0.00,1.64,1.49,0.18
6/19/2013,91.79,14189500.00,0.00,-0.11,0.12,0.61
6/18/2013,91.36,10678200.00,0.00,0.34,-0.49,0.94
6/17/2013,90.97,12026400.00,0.00,-1.28,0.15,2.14
6/14/2013,91.16,12158400.00,0.00,-0.07,-1.28,3.09
6/13/2013,89.63,13501300.00,1.00,1.15,-1.22,2.43
6/12/2013,91.13,10864500.00,0.00,-0.10,-0.78,2.66
6/11/2013,90.38,10739400.00,1.00,-0.53,-1.77,2.59
6/10/2013,91.93,10372300.00,0.00,0.19,-0.17,2.93
6/7/2013,90.89,12504700.00,0.00,-1.43,-0.45,1.74
6/6/2013,89.45,15393300.00,1.00,-1.08,-1.39,1.15
6/5/2013,90.68,12888000.00,1.00,-0.38,-0.91,2.20
6/4/2013,91.18,12481300.00,0.00,-1.24,0.32,2.89
6/3/2013,90.53,14177500.00,1.00,0.33,0.89,3.10
5/31/2013,91.95,17917400.00,0.00,0.27,1.18,3.96
5/30/2013,91.97,9734700.00,0.00,-0.84,1.26,3.83
5/29/2013,91.76,11563200.00,0.00,-0.53,1.65,2.67
5/28/2013,92.94,15197800.00,0.00,0.56,1.77,1.37
5/24/2013,91.38,12771900.00,1.00,1.14,0.56,0.70
5/23/2013,91.70,15357300.00,0.00,1.19,0.22,0.54
5/22/2013,92.83,19253300.00,0.00,1.16,0.26,0.92
5/21/2013,92.67,12519900.00,0.00,1.32,0.53,0.55
5/20/2013,91.61,12417700.00,1.00,1.18,0.70,0.00
5/17/2013,91.07,12721300.00,1.00,-0.21,1.78,0.41
5/16/2013,90.80,10469600.00,1.00,-0.42,2.59,-1.11
5/15/2013,90.64,10399400.00,1.00,-0.23,1.68,-1.71
5/14/2013,90.15,9890300.00,1.00,0.20,1.72,-1.67
5/13/2013,89.80,9810100.00,1.00,0.67,1.54,-1.18
5/10/2013,90.87,10975400.00,1.00,1.90,1.77,-1.69
5/9/2013,91.14,13771900.00,0.00,2.44,0.40,-0.63
5/8/2013,91.05,13638300.00,0.00,1.06,-0.39,-0.53
5/7/2013,90.62,11088900.00,1.00,0.89,0.48,-0.69
5/6/2013,90.25,10613400.00,1.00,0.41,1.01,0.36
5/3/2013,89.00,13036600.00,1.00,0.46,1.10,0.58
5/2/2013,87.98,11330100.00,1.00,-0.73,1.89,-0.25
5/1/2013,88.52,11616500.00,1.00,-0.91,1.81,-0.15
4/30/2013,88.26,14572600.00,1.00,0.21,0.60,-0.01
4/29/2013,88.26,11093000.00,1.00,0.97,-0.68,-0.43
4/26/2013,87.81,10791800.00,1.00,1.20,-1.17,-0.58
4/25/2013,88.89,16328700.00,0.00,1.90,-1.12,-0.15
4/24/2013,89.45,13028800.00,0.00,1.30,-0.70,-0.59
4/23/2013,88.39,15567700.00,0.00,-0.22,-0.99,-0.15
4/22/2013,87.61,11262000.00,1.00,-1.64,-1.36,-0.12
4/19/2013,87.27,18393300.00,1.00,-1.92,-0.70,-0.70
4/18/2013,86.28,14730400.00,1.00,-1.47,-1.88,-0.57
4/17/2013,86.21,17341200.00,1.00,-0.45,-2.04,-0.34
4/16/2013,87.19,14578800.00,1.00,-0.26,-1.59,0.09
4/15/2013,88.29,19626200.00,0.00,-0.26,-0.70,0.25
4/12/2013,88.88,11505100.00,0.00,0.25,-1.10,-0.33
4/11/2013,88.95,14979900.00,0.00,-1.13,0.12,0.85
4/10/2013,88.45,14823700.00,0.00,-1.43,0.42,0.84
4/9/2013,88.69,10753400.00,0.00,-1.01,0.35,-0.57
4/8/2013,89.11,11013900.00,0.00,-0.12,1.52,0.31
4/5/2013,88.61,12771600.00,0.00,-0.41,1.71,0.52
4/4/2013,90.10,11582000.00,0.00,0.83,0.77,0.15
4/3/2013,90.65,12197100.00,0.00,1.02,0.70,0.73
4/2/2013,90.59,9991800.00,0.00,0.62,0.67,0.62
4/1/2013,90.13,9414200.00,0.00,1.43,0.06,0.78
3/28/2013,90.64,17485200.00,0.00,1.32,-0.17,0.61
3/27/2013,89.56,12350800.00,1.00,0.10,0.09,0.75
3/26/2013,89.41,12329600.00,1.00,-0.15,-0.44,0.59
3/25/2013,89.50,12900800.00,1.00,-0.05,0.01,0.42
3/22/2013,88.40,10786600.00,1.00,-0.50,-0.02,-0.32
3/21/2013,88.12,13447500.00,1.00,-0.37,-0.59,-0.43
3/20/2013,88.95,11319000.00,1.00,0.14,-0.46,-0.90
3/19/2013,88.89,11987900.00,1.00,-0.17,-0.24,-0.41
3/18/2013,88.74,11553700.00,1.00,0.35,0.13,-1.40
3/15/2013,89.20,29240100.00,0.00,0.27,0.19,-1.63
3/14/2013,89.41,13775500.00,0.00,-0.58,-0.43,-2.08
3/13/2013,89.02,10539900.00,0.00,-0.49,0.76,-2.04
3/12/2013,89.45,11470000.00,0.00,-0.28,0.70,-2.43
3/11/2013,89.01,12454800.00,1.00,0.03,-0.83,-2.25
3/8/2013,89.01,11896300.00,1.00,0.18,0.06,-1.48
3/7/2013,89.63,12905300.00,0.00,-0.25,0.27,-1.03
3/6/2013,89.60,13234400.00,0.00,0.91,-0.14,-0.76
3/5/2013,89.48,13072600.00,0.00,0.69,0.44,-0.54
3/4/2013,89.13,10994000.00,1.00,-0.94,0.35,-0.16
3/1/2013,89.07,11301600.00,1.00,-0.12,0.48,0.44
2/28/2013,89.67,14552000.00,0.00,-0.08,0.28,0.44
2/27/2013,88.50,11195200.00,1.00,-0.55,0.38,0.14
2/26/2013,88.50,15073200.00,1.00,0.22,0.26,0.66
2/25/2013,89.88,15302900.00,0.00,0.32,0.20,0.93
2/22/2013,89.02,10260200.00,0.00,0.41,-0.61,1.25
2/21/2013,88.79,10939800.00,1.00,0.31,-0.65,1.82
2/20/2013,89.14,13936400.00,0.00,0.42,-1.08,1.30
2/19/2013,88.54,12158900.00,1.00,0.11,-0.63,1.10
2/15/2013,88.57,15696900.00,1.00,0.01,-1.49,1.14
2/14/2013,88.34,13238900.00,1.00,-0.76,-1.59,1.82
2/13/2013,88.46,8940300.00,1.00,-0.69,-1.87,4.50
2/12/2013,88.25,9752100.00,1.00,-0.95,-1.58,3.33
2/11/2013,88.35,8764700.00,1.00,-0.30,-1.76,2.33
2/8/2013,88.50,11412300.00,1.00,-1.05,-1.35,2.12
2/7/2013,89.21,13463300.00,0.00,-0.95,-0.35,2.15
2/6/2013,89.37,11768700.00,0.00,-1.26,0.12,1.54
2/5/2013,89.88,11679700.00,0.00,-0.89,0.47,0.79
2/4/2013,89.41,13347300.00,0.00,-0.96,0.81,-0.39
2/1/2013,90.44,15699200.00,0.00,-0.52,1.16,0.38
1/31/2013,90.69,15991500.00,0.00,0.44,1.71,0.73
1/30/2013,91.17,15645400.00,0.00,0.83,1.60,1.01
1/29/2013,91.21,11700600.00,0.00,0.89,1.08,-0.26
1/28/2013,91.67,11617500.00,0.00,1.01,1.42,-0.24
1/25/2013,91.57,11090600.00,0.00,1.03,1.38,0.14
1/24/2013,90.88,11100000.00,0.00,1.26,1.41,0.08
1/23/2013,90.50,10906800.00,1.00,1.02,1.76,0.42
1/22/2013,90.27,11897500.00,1.00,0.46,0.97,0.73
1/18/2013,90.09,17196000.00,1.00,0.71,0.60,1.12
1/17/2013,89.76,13400300.00,1.00,0.71,0.47,0.91
1/16/2013,89.16,9645000.00,1.00,0.79,1.07,-0.33
1/15/2013,89.16,9195400.00,1.00,1.16,3.52,0.11
1/14/2013,89.46,9606700.00,1.00,0.34,2.01,-0.24
1/11/2013,88.97,11645600.00,1.00,0.02,0.79,1.55
1/10/2013,88.75,13099600.00,1.00,-0.05,0.42,-0.38
1/9/2013,88.40,10892200.00,1.00,0.74,0.38,-0.28
1/8/2013,87.82,14226400.00,1.00,3.10,-0.27,-0.19
1/7/2013,88.31,11799800.00,1.00,1.47,-0.90,0.25
1/4/2013,88.50,11427900.00,1.00,0.10,-2.11,0.50
1/3/2013,88.46,13268200.00,1.00,-0.35,-1.22,0.58
1/2/2013,87.79,16143700.00,1.00,-0.63,-0.81,1.77
12/31/2012,85.04,19810800.00,1.00,-1.02,-0.30,1.80
12/28/2012,86.10,13358700.00,1.00,-0.99,-1.11,1.18
12/27/2012,87.05,14258500.00,1.00,-1.83,-0.78,1.16
12/26/2012,87.21,10737800.00,1.00,-0.54,-0.11,0.65
12/24/2012,87.13,6385200.00,1.00,0.24,0.07,1.32
12/21/2012,87.66,33057000.00,0.00,0.77,0.62,-0.35
12/20/2012,88.38,15789000.00,0.00,-0.45,0.94,-2.34
12/19/2012,89.54,15092500.00,0.00,-0.18,1.36,-2.85
12/18/2012,88.75,15396600.00,0.00,0.18,1.01,-2.00
12/17/2012,88.36,15672500.00,0.00,0.12,-0.29,-3.67
12/14/2012,88.00,13363600.00,1.00,0.64,0.20,-2.04
12/13/2012,89.16,12290300.00,0.00,0.93,-0.15,-2.74
12/12/2012,89.09,14729500.00,0.00,1.08,1.56,-2.23
12/11/2012,88.61,12634600.00,1.00,0.61,-0.48,-2.25
12/10/2012,88.58,11549400.00,1.00,-0.72,-0.37,-2.06
12/7/2012,88.17,10603100.00,1.00,-0.34,-0.25,-2.65
12/6/2012,87.76,12077000.00,1.00,-0.61,0.19,-3.05
12/5/2012,87.27,12717800.00,1.00,1.30,0.46,-4.80
12/4/2012,87.38,11980000.00,1.00,-0.54,0.62,-3.99
12/3/2012,88.55,10937300.00,0.00,-0.25,1.77,-3.45
11/30/2012,88.07,15522100.00,0.00,0.01,1.61,-2.58
11/29/2012,88.37,11579100.00,0.00,0.42,0.75,-1.93
11/28/2012,86.53,15959900.00,1.00,0.60,0.59,-1.80
11/27/2012,88.40,11841600.00,0.00,0.78,0.06,-1.92
11/26/2012,88.32,16423600.00,0.00,1.60,0.58,-2.07
11/23/2012,88.25,11931000.00,0.00,1.06,-1.28,-3.00
11/21/2012,87.81,13905300.00,1.00,0.02,-3.23,-2.16
11/20/2012,87.51,10288100.00,1.00,-0.19,-3.44,-2.43
11/19/2012,87.40,12911000.00,1.00,-0.78,-2.33,-1.77
11/16/2012,86.14,17405200.00,1.00,0.03,-3.66,-1.17
11/15/2012,86.09,13783600.00,1.00,-1.44,-1.61,-1.45
11/14/2012,86.75,14524100.00,1.00,-2.99,-1.88,-0.93
11/13/2012,86.75,12260300.00,1.00,-2.58,-0.99,-0.46
11/12/2012,87.27,9004300.00,0.00,-1.10,-0.75,-0.66
11/9/2012,86.61,13407000.00,1.00,-2.21,-0.34,-0.41
11/8/2012,88.27,13743000.00,0.00,0.21,-0.67,-0.65
11/7/2012,90.24,19423500.00,0.00,0.03,-0.81,0.28
11/6/2012,90.86,12026500.00,0.00,0.30,-2.66,-0.43
11/5/2012,90.04,11222600.00,0.00,0.19,-1.77,1.49
11/2/2012,91.76,12742400.00,0.00,0.25,-1.11,0.16
11/1/2012,90.25,15771900.00,0.00,-0.67,-0.30,0.21
10/31/2012,91.03,14848500.00,0.00,-1.01,0.27,-0.26
10/26/2012,90.56,11583000.00,1.00,-2.60,0.34,0.22
10/25/2012,90.63,10387200.00,1.00,-1.39,0.17,2.04
10/24/2012,90.49,11332500.00,1.00,-0.34,0.05,2.11
10/23/2012,91.13,14085500.00,0.00,0.83,-0.78,1.97
10/22/2012,91.67,11445400.00,0.00,1.23,-0.06,1.81
10/19/2012,93.57,15928100.00,0.00,1.04,-0.46,2.28
10/18/2012,92.97,11815500.00,0.00,0.33,-0.07,3.51
10/17/2012,92.62,10759100.00,0.00,-0.38,0.19,3.68
10/16/2012,91.89,9069300.00,0.00,-1.46,-0.35,3.69
10/15/2012,91.35,10651100.00,1.00,-0.54,0.01,3.27
10/12/2012,91.32,9943700.00,1.00,-0.68,0.36,3.38
10/11/2012,91.57,9789900.00,1.00,0.04,0.08,2.58
10/10/2012,91.80,15332500.00,1.00,0.61,0.21,2.98
10/9/2012,92.83,13799200.00,0.00,0.05,-0.22,2.33
10/8/2012,92.15,8765200.00,0.00,0.21,0.50,3.09
10/5/2012,92.59,9890100.00,0.00,0.30,-0.28,2.29
10/4/2012,92.08,11507100.00,0.00,-0.14,1.54,2.73
10/3/2012,91.65,10328100.00,1.00,-0.12,0.08,1.64
10/2/2012,92.12,9507800.00,0.00,-0.51,0.13,1.59
10/1/2012,91.79,10343500.00,1.00,0.31,-0.35,0.66
9/28/2012,91.48,12507600.00,1.00,-0.32,0.15,1.26
9/27/2012,91.83,10632700.00,1.00,1.52,1.89,1.14
9/26/2012,91.72,11616500.00,1.00,0.05,1.80,1.05
9/25/2012,92.11,14035800.00,0.00,0.08,1.46,1.00
9/24/2012,91.31,11023700.00,1.00,-0.41,1.16,1.32
9/21/2012,92.03,19599100.00,0.00,0.09,1.51,1.03
9/20/2012,90.14,12238400.00,1.00,1.82,2.63,1.01
9/19/2012,91.48,16302100.00,1.00,1.70,2.68,0.79
9/18/2012,91.43,10950100.00,1.00,1.17,2.42,0.98
9/17/2012,91.92,11893700.00,0.00,0.62,1.67,1.31
9/14/2012,91.50,21388800.00,1.00,0.69,1.39,2.07
9/13/2012,89.71,19870900.00,1.00,1.62,0.37,1.01
9/12/2012,89.63,9982900.00,1.00,1.55,0.73,0.57
9/11/2012,89.75,9349400.00,1.00,1.24,0.04,0.59
9/10/2012,89.82,10750700.00,1.00,0.52,0.81,1.21
9/7/2012,89.27,15623900.00,1.00,0.21,-0.09,2.13
9/6/2012,87.89,15713500.00,1.00,-0.70,0.38,2.42
9/5/2012,87.52,10113100.00,1.00,-0.05,-0.55,2.26
9/4/2012,87.33,10602900.00,1.00,-0.42,-0.40,2.61
8/31/2012,87.61,14178800.00,1.00,0.64,-1.11,1.49
8/30/2012,87.38,8915800.00,1.00,0.03,-0.26,1.31
8/29/2012,88.07,8377300.00,0.00,0.59,-0.25,1.93
8/28/2012,87.57,9646800.00,1.00,-0.48,-0.22,2.01
8/27/2012,88.07,8252100.00,0.00,-0.37,-0.11,2.27
8/24/2012,87.16,9762300.00,1.00,-1.12,0.36,2.57
8/23/2012,87.79,9666300.00,0.00,-0.15,0.28,3.50
8/22/2012,87.20,10160400.00,1.00,-0.09,0.42,3.32
8/21/2012,88.14,10767100.00,0.00,0.07,0.34,2.57
8/20/2012,88.07,8813700.00,0.00,0.18,0.62,1.99
8/17/2012,88.89,11177700.00,0.00,0.62,1.02,2.13
8/16/2012,88.19,11311300.00,0.00,0.36,1.71,0.96
8/15/2012,88.19,8510100.00,0.00,0.50,0.68,0.54
8/14/2012,88.17,8675700.00,0.00,0.32,0.19,0.70
8/13/2012,88.10,8716300.00,1.00,0.51,0.22,1.27
8/10/2012,87.67,11149000.00,1.00,0.81,0.81,3.21
8/9/2012,87.84,12213700.00,1.00,1.32,1.68,2.89
8/8/2012,87.75,12864500.00,1.00,0.12,1.79,4.00
8/7/2012,87.88,12399800.00,1.00,-0.44,1.39,4.07
8/6/2012,87.55,9626400.00,1.00,-0.33,1.58,2.43
8/3/2012,87.07,13982500.00,1.00,0.34,0.34,-0.11
8/2/2012,86.10,14530100.00,1.00,1.50,0.23,0.50
8/1/2012,87.02,14312300.00,1.00,1.58,0.84,1.09
7/31/2012,87.37,12212200.00,0.00,1.06,0.89,2.18
7/30/2012,87.28,11183500.00,0.00,1.00,0.98,1.98
7/27/2012,86.59,24079300.00,1.00,-0.37,1.17,3.51
7/26/2012,85.56,19149300.00,1.00,-0.58,1.97,3.23
7/25/2012,85.14,16566000.00,1.00,0.29,1.81,3.30
7/24/2012,85.21,13948300.00,1.00,0.68,1.06,2.28
7/23/2012,84.80,13597800.00,1.00,1.00,0.47,3.67
7/20/2012,85.87,16838300.00,1.00,1.28,0.61,2.60
7/19/2012,86.02,14902300.00,0.00,1.91,-0.52,5.00
7/18/2012,85.34,14203500.00,1.00,1.47,-0.87,5.50
7/17/2012,85.18,14059400.00,1.00,0.35,-0.66,4.73
7/16/2012,84.83,11269200.00,1.00,-0.37,0.05,4.72
7/13/2012,84.45,13642000.00,1.00,-0.25,1.93,2.48
7/12/2012,83.41,15566400.00,1.00,-1.03,1.69,1.13
7/11/2012,83.48,18337600.00,1.00,-1.01,2.79,-0.51
7/10/2012,84.08,14106100.00,1.00,-0.31,2.90,-0.76
7/9/2012,84.52,22361600.00,1.00,0.73,1.28,-0.23
7/6/2012,84.26,13259400.00,1.00,2.51,-1.35,0.18
7/5/2012,85.33,10797100.00,0.00,1.89,-0.77,-0.29
7/3/2012,85.69,9787700.00,0.00,2.41,-0.28,0.29
7/2/2012,85.44,14447800.00,0.00,1.88,0.72,-0.79
6/29/2012,84.78,24906300.00,1.00,-0.27,0.42,-0.69
6/28/2012,82.66,19140300.00,1.00,-2.83,2.04,-0.53
6/27/2012,82.81,15301400.00,1.00,-1.83,1.70,-0.62
6/26/2012,81.51,22853700.00,1.00,-0.75,1.79,-0.90
6/25/2012,81.22,28761600.00,1.00,0.85,0.81,-1.26
6/22/2012,82.68,84747800.00,1.00,1.01,2.22,-1.91
6/21/2012,85.04,33751900.00,0.00,2.72,1.18,-1.54
6/20/2012,84.40,23274300.00,0.00,1.77,3.31,-2.28
6/19/2012,83.73,21053300.00,0.00,1.33,3.40,-2.82
6/18/2012,82.51,13885100.00,1.00,-0.12,2.38,-3.60
6/15/2012,82.57,27342800.00,1.00,0.95,2.07,-4.76
6/14/2012,80.86,16942300.00,1.00,-0.24,-0.29,-4.83
6/13/2012,80.94,15098100.00,1.00,2.28,-1.58,-4.52
6/12/2012,80.74,14162100.00,1.00,2.33,-3.07,-3.85
6/11/2012,81.62,18031800.00,1.00,1.34,-3.11,-4.19
6/8/2012,80.08,18150000.00,1.00,0.97,-2.36,-2.80
6/7/2012,80.98,18409400.00,1.00,-1.45,-1.73,-3.96
6/6/2012,78.37,23880900.00,1.00,-2.73,-1.90,-2.75
6/5/2012,77.59,17715600.00,1.00,-3.42,-0.74,-1.37
6/4/2012,78.09,17711200.00,1.00,-2.79,-1.32,-2.14
6/1/2012,77.87,22870900.00,1.00,-1.28,-0.70,-1.85
5/31/2012,79.88,38954600.00,0.00,-0.10,-0.16,-1.17
5/30/2012,81.08,19593100.00,0.00,-0.02,0.00,-0.57
5/29/2012,82.64,15931100.00,0.00,0.72,-0.25,0.91
5/25/2012,82.86,12756500.00,0.00,-0.35,-0.57,1.21
5/24/2012,82.29,14113600.00,0.00,-0.27,-1.23,1.56
5/23/2012,81.79,17582200.00,0.00,-0.05,-0.77,1.12
5/22/2012,82.14,13790000.00,0.00,-0.12,-1.27,0.49
5/21/2012,81.42,13730400.00,1.00,-0.38,-1.57,0.32
5/18/2012,82.37,21747200.00,0.00,-0.47,-2.08,-0.15
5/17/2012,82.15,17698200.00,0.00,-0.97,-2.96,-0.78
5/16/2012,81.96,15034500.00,1.00,-0.41,-2.75,-2.11
5/15/2012,82.00,15757400.00,0.00,-0.67,-2.13,-1.78
5/14/2012,82.27,12675900.00,0.00,-0.74,-1.20,-1.51
5/11/2012,82.69,12061700.00,0.00,-1.27,-1.45,-0.25
5/10/2012,83.37,13234600.00,0.00,-1.95,0.10,-1.19
5/9/2012,83.04,17424000.00,0.00,-1.58,-0.92,-1.86
5/8/2012,83.75,19602400.00,0.00,-0.87,0.32,-0.80
5/7/2012,84.29,12018100.00,0.00,0.00,1.55,0.06
5/4/2012,85.11,15055500.00,0.00,-0.24,0.60,-0.04
5/3/2012,86.36,9998600.00,0.00,1.07,0.61,-1.14
5/2/2012,86.56,11108700.00,0.00,-0.17,1.01,-0.99
5/1/2012,86.46,13816900.00,0.00,0.69,1.26,-0.62
4/30/2012,85.96,11735400.00,0.00,1.67,2.44,-0.73
4/27/2012,86.50,11372900.00,0.00,0.49,2.40,-0.42
4/26/2012,85.28,17262400.00,1.00,0.38,2.47,-1.12
4/25/2012,86.65,18476800.00,0.00,0.61,1.59,-0.42
4/24/2012,85.64,11632500.00,1.00,0.84,0.54,0.94
4/23/2012,84.53,15197200.00,1.00,1.92,0.13,0.33
4/20/2012,85.55,17216600.00,1.00,1.72,-0.50,0.38
4/19/2012,85.51,15973800.00,1.00,1.70,-1.27,-0.61
4/18/2012,85.06,12997500.00,1.00,0.63,-2.71,-0.84
4/17/2012,84.65,14208000.00,1.00,-0.66,-2.40,-0.72
4/16/2012,83.24,17526100.00,1.00,-0.92,-2.01,-1.13
4/13/2012,82.97,13856500.00,1.00,-1.13,-0.53,-0.81
4/12/2012,82.65,15266200.00,1.00,-1.59,-1.35,-1.69
4/11/2012,83.11,15856200.00,1.00,-2.41,-1.74,-1.33
4/10/2012,83.75,19993700.00,1.00,-1.28,-0.29,-1.08
4/9/2012,83.98,11027000.00,0.00,-0.59,0.70,-1.18
4/5/2012,84.56,11954700.00,0.00,0.82,0.63,-0.32
4/4/2012,85.30,17112800.00,0.00,-0.05,-0.38,-0.51
4/3/2012,86.75,17714900.00,0.00,-0.67,-0.17,0.31
4/2/2012,86.60,13853300.00,0.00,0.28,0.20,0.23
3/30/2012,86.48,12968300.00,0.00,0.87,0.05,1.81
3/29/2012,85.32,13199700.00,1.00,0.60,0.36,1.33
3/28/2012,86.36,16155300.00,0.00,-0.48,-0.32,1.73
3/27/2012,87.14,12509200.00,0.00,-0.36,0.40,1.74
3/26/2012,86.18,17336800.00,1.00,0.02,1.64,1.95
3/23/2012,85.36,12557700.00,1.00,0.07,0.96,0.62
3/22/2012,85.48,13884400.00,1.00,0.54,0.97,0.12
3/21/2012,86.59,14212400.00,0.00,-0.16,-0.06,0.74
3/20/2012,86.46,13613800.00,0.00,0.59,-0.36,1.06
3/19/2012,86.08,10770400.00,1.00,1.69,-0.29,1.62
3/16/2012,86.20,30991300.00,1.00,0.70,-0.79,1.49
3/15/2012,85.89,14523600.00,1.00,0.51,-0.53,1.47
3/14/2012,86.59,16187300.00,0.00,-0.54,-1.46,0.70
3/13/2012,85.89,16853300.00,1.00,-0.97,-1.21,0.30
3/12/2012,84.50,19014000.00,1.00,-0.60,-0.96,-0.66
3/9/2012,85.06,17042500.00,1.00,-0.69,-0.88,-1.97
3/8/2012,85.00,19032000.00,1.00,-0.10,0.13,-1.02
3/7/2012,86.01,14767700.00,0.00,-0.94,-0.02,-1.29
3/6/2012,86.24,16507900.00,0.00,-0.47,0.85,-1.66
3/5/2012,86.17,12803100.00,0.00,-0.34,0.68,-1.22
3/2/2012,86.66,11343400.00,0.00,-0.36,2.21,-0.46
3/1/2012,86.47,12638500.00,0.00,0.47,1.53,0.57
2/29/2012,87.45,18293200.00,0.00,0.29,1.78,0.09
2/28/2012,87.23,14317600.00,0.00,0.98,1.59,1.61
2/27/2012,87.15,13323500.00,0.00,0.62,1.57,1.30
2/24/2012,87.37,10767100.00,0.00,1.86,0.01,0.51
2/23/2012,86.58,12404600.00,1.00,0.87,-0.66,-0.50
2/22/2012,86.84,11983200.00,1.00,0.86,-0.11,0.52
2/21/2012,86.04,15481300.00,1.00,0.51,0.16,-0.45
2/17/2012,86.07,16597200.00,1.00,0.46,0.72,-0.16
2/16/2012,84.45,14769600.00,1.00,-0.95,0.50,-0.29
2/15/2012,84.86,13911600.00,1.00,-1.21,0.53,-0.41
2/14/2012,84.42,12961900.00,1.00,-0.27,-0.25,0.40
2/13/2012,84.34,11473700.00,1.00,0.35,-0.50,1.50
2/10/2012,84.02,15328900.00,1.00,1.20,-1.26,0.45
2/9/2012,85.33,17073400.00,0.00,0.89,-2.47,0.65
2/8/2012,85.83,14762600.00,0.00,0.67,-1.41,1.33
2/7/2012,85.22,15818400.00,0.00,-0.54,-1.64,1.99
2/6/2012,84.87,15000900.00,1.00,-0.94,-1.89,3.44
2/3/2012,84.24,16145400.00,1.00,-1.73,-1.21,4.70
2/2/2012,84.28,18020500.00,1.00,-2.48,-0.12,4.99
2/1/2012,84.23,22266100.00,1.00,-0.96,1.17,4.36
1/31/2012,84.92,27225800.00,1.00,-0.58,0.91,5.05
1/30/2012,85.27,17867000.00,0.00,-0.61,2.44,5.18
1/27/2012,86.24,15976700.00,0.00,0.15,2.10,3.99
1/26/2012,87.64,15658200.00,0.00,0.94,1.22,3.64
1/25/2012,86.77,18202300.00,0.00,1.82,0.10,3.55
1/24/2012,87.08,12363800.00,0.00,1.08,1.01,3.18
1/23/2012,87.50,15348400.00,0.00,2.15,-0.15,3.11
1/20/2012,87.08,19220300.00,0.00,1.37,-0.04,2.87
1/19/2012,86.34,16383500.00,1.00,0.27,-0.29,2.40
1/18/2012,85.30,16754200.00,1.00,-0.85,-0.52,2.39
1/17/2012,85.75,15627900.00,1.00,0.18,0.20,2.66
1/13/2012,84.16,15551600.00,1.00,-0.69,1.31,4.29
1/12/2012,84.39,17357200.00,1.00,-0.20,0.19,6.04
1/11/2012,85.10,14831400.00,1.00,-0.17,0.39,6.30
1/10/2012,86.07,13080800.00,0.00,-0.29,1.03,7.24
1/9/2012,85.00,11664200.00,1.00,0.37,1.63,6.36
1/6/2012,85.92,15942100.00,0.00,1.47,2.97,4.70
1/5/2012,85.64,17452800.00,0.00,0.10,3.95,4.26
1/4/2012,85.79,16130900.00,0.00,0.13,3.73,2.30
1/3/2012,85.97,20906800.00,0.00,0.66,2.64,2.13
12/30/2011,85.16,9768900.00,1.00,1.29,2.98,1.79
12/29/2011,84.09,10865900.00,1.00,2.40,2.74,0.96
12/28/2011,85.15,12767500.00,1.00,3.32,1.35,0.12
12/27/2011,84.97,10147100.00,1.00,2.59,0.71,-0.17
12/23/2011,84.28,10243800.00,1.00,1.08,0.42,0.72
12/22/2011,83.56,19841300.00,1.00,1.04,-0.14,1.12
12/21/2011,82.02,19160300.00,1.00,0.64,-0.21,-0.35
12/20/2011,80.66,21163300.00,1.00,-0.67,-0.34,0.00
12/19/2011,80.24,16048400.00,1.00,-0.69,-0.50,0.71
12/16/2011,80.74,33465700.00,1.00,-0.35,-0.33,0.55
12/15/2011,79.93,17954200.00,1.00,-0.50,0.12,1.28
12/14/2011,79.59,23934400.00,1.00,-0.04,2.00,2.71
12/13/2011,80.61,21873600.00,1.00,0.00,3.65,-2.14
12/12/2011,80.73,17846500.00,0.00,-0.17,3.79,-2.49
12/9/2011,80.63,21842300.00,0.00,-0.27,4.38,-3.39
12/8/2011,80.75,18443600.00,0.00,0.19,3.33,-1.60
12/7/2011,80.61,19643400.00,0.00,1.84,1.48,-1.33
12/6/2011,80.63,20122700.00,0.00,3.07,0.94,-1.44
12/5/2011,80.88,18295000.00,0.00,2.72,-1.01,-1.12
12/2/2011,80.67,19461300.00,0.00,2.87,-1.10,0.12
12/1/2011,80.20,17261100.00,1.00,1.31,-1.38,-0.18
11/30/2011,78.42,33953000.00,1.00,-0.92,-2.13,0.77
11/29/2011,76.41,19768400.00,1.00,-1.08,-2.60,0.49
11/28/2011,75.84,20148600.00,1.00,-2.36,-2.31,1.33
11/25/2011,74.51,10254500.00,1.00,-1.46,-0.73,2.29
11/23/2011,75.03,23331800.00,1.00,-0.85,0.18,1.86
11/22/2011,76.38,18925100.00,1.00,-0.86,-0.80,2.83
11/21/2011,76.53,20204200.00,0.00,-1.12,-0.12,3.86
11/18/2011,78.22,23104500.00,0.00,-0.85,0.69,3.97
11/17/2011,78.12,25964300.00,0.00,0.41,0.67,5.01
11/16/2011,78.24,20376800.00,0.00,0.87,1.40,5.50
11/15/2011,78.86,19475000.00,0.00,-0.34,2.64,7.71
11/14/2011,79.53,13589900.00,0.00,0.16,-2.22,5.65
11/11/2011,79.63,15134500.00,0.00,0.67,-2.44,4.70
11/10/2011,78.53,18668800.00,1.00,0.59,-3.05,4.18
11/9/2011,77.90,24130100.00,1.00,1.40,-0.93,4.69
11/8/2011,79.25,19023800.00,0.00,2.19,-0.63,3.57
11/7/2011,78.82,17998100.00,1.00,-2.83,-0.64,6.63
11/4/2011,78.07,18192800.00,1.00,-2.64,-0.15,7.87
11/3/2011,78.19,24480600.00,1.00,-2.96,1.11,6.07
11/2/2011,77.37,21761300.00,1.00,-0.47,0.96,1.95
11/1/2011,75.82,35835000.00,1.00,0.56,2.26,1.90
10/31/2011,80.59,30616900.00,0.00,0.89,1.90,2.71
10/28/2011,80.99,21753400.00,0.00,0.95,2.33,0.87
10/27/2011,81.91,35489500.00,0.00,1.58,2.66,1.70
10/26/2011,80.16,27170500.00,0.00,0.81,1.75,2.89
10/25/2011,79.83,23433400.00,0.00,1.70,2.39,2.83
10/24/2011,79.92,19861100.00,0.00,0.86,3.05,3.94
10/21/2011,79.59,27855300.00,1.00,1.22,2.66,1.84
10/20/2011,78.32,22227600.00,1.00,1.63,3.34,0.42
10/19/2011,78.57,20910900.00,1.00,0.86,3.52,1.41
10/18/2011,77.57,23878500.00,1.00,1.30,5.34,3.25
10/17/2011,77.87,18836200.00,1.00,2.11,2.91,1.11
10/14/2011,77.10,17870600.00,1.00,1.46,1.65,-1.09
10/13/2011,76.22,19540300.00,1.00,2.13,1.04,-1.38
10/12/2011,76.74,22239000.00,1.00,2.12,1.22,-0.71
10/11/2011,75.78,17862100.00,1.00,3.85,-0.02,-0.53
10/10/2011,74.73,20465800.00,1.00,1.03,2.85,1.80
10/7/2011,74.47,23573900.00,1.00,0.13,3.97,-1.02
10/6/2011,73.30,24869800.00,1.00,-0.23,2.03,-0.35
10/5/2011,72.67,28239800.00,1.00,0.08,-2.11,2.00
10/4/2011,70.25,36500000.00,1.00,-0.80,-1.98,0.36
10/3/2011,72.05,31004200.00,1.00,2.63,-0.77,2.40
9/30/2011,72.76,30917000.00,1.00,3.52,-2.18,0.00
9/29/2011,73.12,27713900.00,0.00,1.11,-1.08,-1.87
9/28/2011,72.43,26026500.00,1.00,-2.85,0.45,-0.88
9/27/2011,73.33,26689900.00,0.00,-2.62,0.52,-0.53
9/26/2011,70.01,30342400.00,1.00,-1.26,1.92,0.16
9/23/2011,68.46,26583200.00,1.00,-1.83,0.29,3.79
9/22/2011,69.94,43223000.00,1.00,0.22,-0.57,1.82
9/21/2011,73.88,23806200.00,0.00,1.82,0.75,1.76
9/20/2011,73.87,20420000.00,0.00,1.55,2.56,-0.32
9/19/2011,72.91,19822500.00,0.00,2.57,0.44,-2.55
9/16/2011,74.52,34652600.00,0.00,0.06,-1.71,-4.25
9/15/2011,73.43,21858300.00,0.00,-1.40,-1.92,-5.38
9/14/2011,71.96,26042800.00,1.00,-0.05,-1.02,-6.17
9/13/2011,71.76,22825400.00,1.00,1.95,-0.52,-7.82
9/12/2011,70.37,26205800.00,1.00,0.04,2.02,-7.53
9/9/2011,72.17,27969100.00,1.00,-1.50,-0.67,-8.13
9/8/2011,73.39,22434800.00,0.00,-1.47,0.08,-9.83
9/7/2011,72.24,23108400.00,1.00,-0.65,2.44,-10.35
9/6/2011,70.14,25416300.00,1.00,0.21,0.80,-9.44
9/2/2011,72.11,21071800.00,0.00,2.76,2.64,-10.00
9/1/2011,74.15,23393500.00,0.00,-0.35,0.05,-8.28
8/31/2011,74.36,29189000.00,0.00,0.24,-1.82,-7.95
8/30/2011,73.59,22437000.00,0.00,2.55,-0.92,-6.68
8/29/2011,73.33,18967100.00,0.00,0.21,-0.59,-5.79
8/26/2011,70.88,26974400.00,1.00,1.72,0.02,-5.57
8/25/2011,73.64,30924500.00,0.00,-0.79,3.55,-5.85
8/24/2011,72.96,22752900.00,1.00,-2.54,1.07,-4.78
8/23/2011,70.60,38059600.00,1.00,-1.63,0.82,-3.74
8/22/2011,72.15,27202900.00,1.00,-0.50,-1.13,-3.14
8/19/2011,70.07,34935300.00,1.00,0.62,-2.90,-3.00
8/18/2011,72.41,35457700.00,0.00,4.30,-4.28,-3.31
8/17/2011,74.29,18269400.00,0.00,1.14,-5.18,-2.19
8/16/2011,73.35,26341400.00,0.00,0.72,-5.71,-1.82
8/15/2011,73.04,23388200.00,0.00,-2.05,-7.09,-1.45
8/12/2011,72.36,31129000.00,0.00,-3.76,-6.29,-0.34
8/11/2011,68.81,50328600.00,1.00,-4.98,-6.25,0.49
8/10/2011,70.74,47758300.00,1.00,-4.30,-6.77,2.15
8/9/2011,70.79,61753300.00,1.00,-4.02,-6.38,4.05
8/8/2011,72.74,58857600.00,0.00,-4.06,-4.47,2.60
8/5/2011,75.01,47167500.00,0.00,-3.03,-4.43,2.53
8/4/2011,76.68,42624200.00,0.00,-2.46,-1.97,1.31
8/3/2011,77.94,28373000.00,0.00,-3.39,-1.39,1.34
8/2/2011,78.90,28410500.00,0.00,-2.96,0.13,2.98
8/1/2011,80.82,22864500.00,0.00,-1.50,1.04,1.76
7/29/2011,80.79,26609000.00,0.00,-1.41,1.23,3.00
7/28/2011,81.74,24556600.00,0.00,0.64,0.68,1.97
7/27/2011,83.79,19820600.00,0.00,0.66,1.38,1.35
7/26/2011,84.67,16226700.00,0.00,1.45,1.89,1.23
7/25/2011,84.20,14007600.00,0.00,1.67,1.83,0.12
7/22/2011,85.20,13152600.00,0.00,1.10,1.27,-0.31
7/21/2011,83.86,21359700.00,0.00,-0.09,0.32,0.18
7/20/2011,83.84,12808400.00,1.00,0.53,1.01,0.07
7/19/2011,82.90,16424900.00,1.00,0.94,0.91,-0.36
7/18/2011,82.29,17343500.00,1.00,1.00,0.96,0.28
7/15/2011,82.42,22705100.00,1.00,0.61,1.60,-1.30
7/14/2011,83.05,19413200.00,1.00,-0.06,1.94,-3.09
7/13/2011,82.27,19015100.00,1.00,0.63,2.93,-2.79
7/12/2011,81.51,22639600.00,1.00,0.67,4.22,-2.22
7/11/2011,81.30,20717000.00,1.00,0.80,2.04,-1.07
7/8/2011,81.58,18336500.00,1.00,1.39,1.45,-0.45
7/7/2011,82.27,18379200.00,1.00,1.51,-0.22,-0.57
7/6/2011,81.40,15042600.00,1.00,2.40,-0.39,0.23
7/5/2011,81.30,18859600.00,1.00,3.36,1.00,-1.53
7/1/2011,81.19,18050100.00,1.00,0.64,-0.50,-1.81
6/30/2011,80.39,19942100.00,1.00,-0.14,0.55,-0.41
6/29/2011,79.85,18899900.00,1.00,-1.64,-0.55,0.49
6/28/2011,78.57,18421500.00,1.00,-1.52,-1.00,0.28
6/27/2011,76.88,20606900.00,1.00,0.41,-0.82,-0.69
6/24/2011,78.55,36292700.00,1.00,-0.34,-1.47,0.12
6/23/2011,78.74,30032800.00,1.00,1.08,-1.48,-1.68
6/22/2011,80.16,18599700.00,0.00,-0.09,-0.76,-2.13
6/21/2011,80.23,17897300.00,0.00,-0.65,-0.82,-1.98
6/20/2011,78.65,15836400.00,1.00,-0.70,-1.08,-2.14
6/17/2011,79.85,25441200.00,0.00,-1.50,-0.17,-2.27
6/16/2011,78.59,19037500.00,1.00,-1.39,-1.49,-3.75
6/15/2011,79.53,21713900.00,0.00,-0.34,-2.93,-4.92
6/14/2011,80.05,16443400.00,0.00,-0.42,-2.35,-6.21
6/13/2011,80.00,17854200.00,0.00,-0.53,-1.47,-5.25
6/10/2011,80.95,18965900.00,0.00,0.44,-0.07,-4.59
6/9/2011,81.24,17665100.00,0.00,-1.06,0.63,-4.82
6/8/2011,80.61,23567300.00,0.00,-2.58,0.61,-3.55
6/7/2011,80.61,16188100.00,0.00,-1.62,1.50,-3.21
6/6/2011,80.93,15954300.00,0.00,-0.61,-0.13,-2.48
6/3/2011,80.24,17281200.00,0.00,0.77,-0.30,-1.61
6/2/2011,81.77,18152600.00,0.00,1.53,1.13,0.55
6/1/2011,83.55,19550200.00,0.00,1.30,1.86,0.44
5/31/2011,83.28,23630700.00,0.00,1.57,1.30,-0.22
5/27/2011,82.74,11949100.00,0.00,-0.40,0.06,1.23
5/26/2011,81.60,16873700.00,1.00,-0.71,0.59,0.05
5/25/2011,80.97,19347200.00,1.00,0.64,-1.38,-0.57
5/24/2011,81.05,15687300.00,1.00,1.35,-1.75,-2.15
5/23/2011,80.22,16288500.00,1.00,1.04,-1.43,-2.02
5/20/2011,81.98,19003400.00,1.00,-0.17,-1.57,-1.04
5/19/2011,82.27,15229100.00,0.00,0.24,-1.79,-1.52
5/18/2011,80.88,17957000.00,1.00,-1.77,-3.16,-0.34
5/17/2011,79.99,18067800.00,1.00,-1.76,-4.04,0.23
5/16/2011,80.22,16435100.00,1.00,-1.10,-4.87,-0.09
5/13/2011,81.29,17628500.00,0.00,-0.99,-3.49,-0.08
5/12/2011,80.62,21853600.00,1.00,-0.93,-2.46,1.06
5/11/2011,82.51,24192000.00,0.00,-1.86,-2.25,1.77
5/10/2011,83.08,17695700.00,0.00,-2.81,-0.79,1.07
5/9/2011,83.01,18254600.00,0.00,-3.56,-0.34,1.96
5/6/2011,83.27,26314700.00,0.00,-1.83,0.55,2.17
5/5/2011,83.52,27491200.00,0.00,-0.49,1.57,2.30
5/4/2011,85.19,22867000.00,0.00,-0.34,3.54,1.77
5/3/2011,86.59,18417100.00,0.00,1.07,3.15,2.91
5/2/2011,88.10,18651200.00,0.00,1.06,2.19,2.81
4/29/2011,87.43,17352300.00,0.00,1.26,3.16,3.97
4/28/2011,87.03,18705300.00,0.00,1.64,1.54,2.85
4/27/2011,87.48,17755800.00,0.00,2.92,0.42,3.70
4/26/2011,86.43,17908800.00,1.00,1.92,-1.51,2.03
4/25/2011,86.29,9852800.00,1.00,0.84,-1.59,2.54
4/21/2011,85.77,12797200.00,1.00,1.68,-0.81,-0.40
4/20/2011,85.05,15447600.00,1.00,-0.02,-1.43,-0.77
4/19/2011,82.97,12770800.00,1.00,-0.81,-0.22,-1.22
4/18/2011,83.11,15107300.00,1.00,-2.10,0.38,-2.40
4/15/2011,83.80,17022500.00,1.00,-1.82,-0.04,-2.46
4/14/2011,82.38,15717500.00,1.00,-0.52,-0.07,-1.92
4/13/2011,83.58,14489400.00,1.00,-0.68,1.08,-0.98
4/12/2011,84.24,20728800.00,0.00,0.81,1.73,-2.75
4/11/2011,85.95,13026500.00,0.00,1.18,0.86,-2.20
4/8/2011,86.00,15943200.00,0.00,0.46,1.50,-2.14
4/7/2011,85.16,16006700.00,0.00,0.04,1.40,-3.54
4/6/2011,85.73,13339700.00,0.00,0.92,1.28,-2.28
4/5/2011,84.68,17122600.00,1.00,1.12,0.54,-1.25
4/4/2011,84.26,13096100.00,1.00,0.14,1.57,-0.20
4/1/2011,84.72,15531500.00,1.00,0.80,1.28,-0.29
3/31/2011,84.82,15317800.00,1.00,0.73,2.38,0.61
3/30/2011,83.80,15770400.00,1.00,0.48,1.01,-1.17
3/29/2011,83.16,16277400.00,1.00,-0.10,1.88,1.60
3/28/2011,83.86,14608200.00,1.00,1.00,0.27,1.42
3/25/2011,82.99,16497300.00,1.00,0.55,0.77,1.96
3/24/2011,82.78,17009000.00,1.00,1.62,-2.14,1.19
3/23/2011,82.65,15390600.00,1.00,0.11,-2.28,0.14
3/22/2011,83.10,16209700.00,1.00,0.94,-2.56,0.24
3/21/2011,81.87,18207000.00,1.00,-0.65,-3.61,0.45
3/18/2011,81.77,28895900.00,1.00,0.25,-3.27,0.73
3/17/2011,80.38,21941300.00,1.00,-2.48,-2.34,0.28
3/16/2011,81.23,33396500.00,1.00,-1.79,-0.89,2.88
3/15/2011,80.17,23191300.00,1.00,-1.63,-2.37,4.08
3/14/2011,81.67,16383200.00,0.00,-2.40,-1.52,4.10
3/11/2011,81.02,17607100.00,1.00,-1.89,-1.12,3.97
3/10/2011,83.80,25996300.00,0.00,-0.54,-2.07,5.04
3/9/2011,84.12,13306600.00,0.00,0.47,-0.60,5.34
3/8/2011,84.60,17658200.00,0.00,-1.31,0.52,4.51
3/7/2011,85.84,18062700.00,0.00,-0.61,1.55,4.96
3/4/2011,85.92,20028600.00,0.00,-0.48,1.37,4.94
3/3/2011,85.46,17153500.00,0.00,-1.86,2.07,4.04
3/2/2011,84.59,17423600.00,0.00,-0.26,0.13,4.67
3/1/2011,86.41,23001800.00,0.00,0.90,2.86,5.56
2/28/2011,85.87,24507000.00,0.00,1.75,2.43,5.28
2/25/2011,85.79,22230300.00,0.00,1.40,2.77,5.70
2/24/2011,87.20,28577100.00,0.00,1.86,1.66,6.28
2/23/2011,86.00,38624600.00,0.00,-0.69,0.19,5.77
2/22/2011,84.97,32580400.00,1.00,1.92,0.09,5.36
2/18/2011,83.91,22839500.00,1.00,1.42,0.17,5.36
2/17/2011,83.97,17853500.00,1.00,1.84,0.32,5.29
2/16/2011,83.06,16673500.00,1.00,0.85,-0.24,4.95
2/15/2011,84.79,25684600.00,1.00,-0.21,2.30,5.66
2/14/2011,82.07,33108300.00,1.00,-0.35,3.10,5.83
2/11/2011,82.23,15993500.00,1.00,-0.06,2.86,5.38
2/10/2011,81.68,21050500.00,1.00,0.18,2.47,4.94
2/9/2011,82.44,15890900.00,1.00,-0.18,3.31,4.84
2/8/2011,83.50,17463500.00,0.00,2.45,3.37,4.90
2/7/2011,83.45,15304300.00,0.00,3.02,2.20,4.41
2/4/2011,83.25,16558300.00,1.00,2.31,2.41,4.06
2/3/2011,83.06,19647700.00,1.00,1.53,2.07,4.22
2/2/2011,83.59,18176900.00,0.00,1.91,0.91,4.03
2/1/2011,81.14,40829600.00,1.00,1.36,1.23,3.77
1/31/2011,79.92,34514400.00,1.00,0.31,2.06,3.68
1/28/2011,79.78,26300600.00,1.00,0.95,1.85,3.49
1/27/2011,79.84,17003500.00,1.00,0.75,2.23,2.87
1/26/2011,78.71,25555400.00,1.00,-0.18,2.76,2.45
1/25/2011,78.22,21626300.00,1.00,0.66,2.29,2.46
1/24/2011,78.85,24871600.00,1.00,1.63,1.91,2.37
1/21/2011,78.21,25084400.00,1.00,1.20,1.84,2.32
1/20/2011,77.98,29121600.00,1.00,1.68,1.77,2.07
1/19/2011,78.63,21844100.00,1.00,2.09,1.39,2.55
1/18/2011,77.79,23883600.00,1.00,1.26,1.97,2.49
1/14/2011,76.67,23478700.00,1.00,0.73,2.06,2.09
1/13/2011,76.65,20438100.00,1.00,0.73,1.59,2.72
1/12/2011,75.94,17363000.00,1.00,0.59,1.15,4.32
1/11/2011,75.02,15805400.00,1.00,0.39,1.13,3.80
1/10/2011,75.13,20766400.00,1.00,1.26,1.31,3.17
1/7/2011,75.21,19297700.00,1.00,1.33,0.94,3.03
1/6/2011,74.90,22525300.00,1.00,0.84,0.70,3.27
1/5/2011,74.67,16550800.00,1.00,0.45,1.02,1.82
1/4/2011,74.71,20028500.00,1.00,0.36,0.94,1.57
1/3/2011,73.72,23320700.00,1.00,0.45,0.83,1.98
12/31/2010,73.16,15273700.00,1.00,0.33,0.93,2.65
12/30/2010,73.29,10790400.00,1.00,0.22,0.83,1.73
12/29/2010,73.41,11797700.00,1.00,0.60,0.35,0.24
12/28/2010,73.20,14423400.00,1.00,0.55,0.06,-0.21
12/27/2010,72.81,9757200.00,1.00,0.51,0.21,0.13
12/23/2010,72.94,11390900.00,1.00,0.51,0.22,0.10
12/22/2010,72.94,14606600.00,1.00,0.37,0.31,0.70
12/21/2010,72.43,21772800.00,1.00,-0.10,0.14,1.42
12/20/2010,72.24,16045800.00,1.00,-0.25,0.76,1.40
12/17/2010,72.11,36761300.00,1.00,-0.02,0.85,2.34
12/16/2010,71.92,18513900.00,1.00,0.06,0.60,2.37
12/15/2010,71.87,20979000.00,1.00,0.24,1.35,3.15
12/14/2010,72.23,20625900.00,1.00,0.06,2.92,3.57
12/13/2010,72.41,21170500.00,0.00,0.56,2.32,4.00
12/10/2010,72.18,17699500.00,0.00,0.55,1.59,3.47
12/9/2010,72.05,17971600.00,1.00,0.27,1.42,3.74
12/8/2010,71.87,22654900.00,1.00,0.97,1.59,3.55
12/7/2010,71.91,23694600.00,1.00,2.42,0.16,2.65
12/6/2010,71.20,15985400.00,1.00,1.74,-0.02,2.66
12/3/2010,71.01,19457100.00,1.00,0.91,0.44,2.72
12/2/2010,71.19,21274800.00,1.00,0.64,1.01,3.35
12/1/2010,70.38,26590200.00,1.00,0.62,-0.01,3.03
11/30/2010,68.55,27524300.00,1.00,-0.55,-1.31,3.32
11/29/2010,68.86,20021200.00,1.00,-0.44,-1.52,2.73
11/26/2010,69.30,7324600.00,1.00,0.33,-0.88,3.18
11/24/2010,69.25,19335600.00,1.00,0.97,-0.72,3.23
11/23/2010,68.80,22672000.00,1.00,0.18,0.11,3.62
11/22/2010,70.10,18907900.00,0.00,-1.15,0.93,3.38
11/19/2010,70.20,24116400.00,0.00,-1.43,0.92,3.73
11/18/2010,69.65,18322900.00,1.00,-0.75,1.87,3.36
11/17/2010,68.84,17471800.00,1.00,-0.29,1.94,3.97
11/16/2010,69.62,27543400.00,1.00,0.72,2.74,4.37
11/15/2010,71.01,18779600.00,0.00,1.49,2.98,4.17
11/12/2010,71.38,24598100.00,0.00,1.34,3.15,4.09
11/11/2010,71.00,23788900.00,0.00,1.89,2.26,4.12
11/10/2010,70.96,25482400.00,0.00,1.43,2.20,3.98
11/9/2010,70.29,33938100.00,1.00,1.78,1.78,3.84
11/8/2010,69.49,23628000.00,1.00,1.71,0.64,3.19
11/5/2010,69.44,26531700.00,1.00,1.63,0.45,3.40
11/4/2010,68.40,31221400.00,1.00,0.66,0.36,3.64
11/3/2010,68.23,26545300.00,1.00,0.68,0.99,2.85
11/2/2010,67.32,26192200.00,1.00,0.41,0.59,2.55
11/1/2010,66.72,22372700.00,1.00,-0.46,0.93,2.98
10/29/2010,66.10,19265600.00,1.00,-0.32,0.35,2.64
10/28/2010,66.43,20464200.00,1.00,-0.08,0.85,2.81
10/27/2010,65.95,23358900.00,1.00,0.81,0.99,2.74
10/26/2010,65.96,17652900.00,1.00,0.41,1.34,2.48
10/25/2010,66.68,16516600.00,0.00,0.82,1.13,1.76
10/22/2010,66.51,13332800.00,0.00,0.14,1.48,1.59
10/21/2010,66.29,21291200.00,0.00,0.53,1.08,1.30
10/20/2010,65.47,20543900.00,1.00,0.55,1.65,1.96
10/19/2010,65.59,25367400.00,1.00,0.99,2.06,1.58
10/18/2010,65.19,22481700.00,1.00,0.60,1.72,1.11
10/15/2010,65.64,25500700.00,1.00,0.98,1.66,1.68
10/14/2010,65.05,17778100.00,1.00,0.54,1.67,1.98
10/13/2010,64.84,22560500.00,1.00,1.10,1.51,3.07
10/12/2010,64.31,20732000.00,1.00,1.41,1.39,2.07
10/11/2010,64.36,13848900.00,1.00,1.00,0.74,2.76
10/8/2010,63.81,22370500.00,1.00,0.84,0.96,1.92
10/7/2010,63.96,19468400.00,1.00,0.79,1.21,2.42
10/6/2010,63.18,21645200.00,1.00,0.50,0.39,1.99
10/5/2010,62.59,25185400.00,1.00,0.40,0.13,1.85
10/4/2010,62.52,16902500.00,1.00,-0.05,0.67,1.69
10/1/2010,62.32,24160200.00,1.00,0.27,0.35,0.67
9/30/2010,61.95,25460200.00,1.00,0.66,0.61,-0.12
9/29/2010,61.77,21158000.00,1.00,0.06,0.64,0.03
9/28/2010,61.63,18806700.00,1.00,-0.13,0.45,0.85
9/27/2010,61.99,16642800.00,1.00,0.45,-0.17,0.43
9/24/2010,61.51,25145300.00,1.00,0.10,-0.21,0.64
9/23/2010,60.99,18097800.00,1.00,0.41,-0.35,-0.24
9/22/2010,61.56,18207700.00,1.00,0.41,0.43,-1.52
9/21/2010,61.65,20525200.00,0.00,0.22,0.10,-2.20
9/20/2010,61.04,21788100.00,1.00,-0.44,-0.24,-1.54
9/17/2010,61.19,26447200.00,1.00,-0.34,0.50,-1.84
9/16/2010,60.85,16432500.00,1.00,-0.45,0.95,-2.36
9/15/2010,60.76,18769900.00,1.00,0.34,2.05,-1.42
9/14/2010,60.84,17977500.00,1.00,0.02,1.04,-0.05
9/13/2010,61.39,23141800.00,0.00,-0.23,1.76,0.39
9/10/2010,61.38,14488400.00,0.00,0.46,0.84,-0.91
9/9/2010,61.50,16525200.00,0.00,0.88,1.30,-0.22
9/8/2010,60.66,17380600.00,1.00,1.84,0.85,-0.11
9/7/2010,60.89,19435700.00,1.00,0.72,0.73,0.81
9/3/2010,61.20,21982900.00,0.00,1.26,0.44,1.19
9/2/2010,60.49,18662600.00,1.00,0.10,-0.65,1.69
9/1/2010,60.04,26286200.00,1.00,0.37,-1.46,1.17
8/31/2010,58.75,26985400.00,1.00,0.07,-1.11,2.62
8/30/2010,59.56,16265100.00,1.00,0.16,-0.13,1.95
8/27/2010,58.72,28279500.00,1.00,-0.08,-0.48,1.38
8/26/2010,59.36,22320900.00,1.00,-0.82,-0.05,0.89
8/25/2010,58.69,20944000.00,1.00,-1.32,-0.75,1.04
8/24/2010,58.96,25679100.00,1.00,-0.76,-1.75,0.67
8/23/2010,58.97,21337700.00,1.00,0.21,-2.17,1.96
8/20/2010,59.02,21008800.00,1.00,0.05,-1.22,1.49
8/19/2010,59.93,21174500.00,0.00,0.50,-1.24,1.10
8/18/2010,60.67,20071500.00,0.00,-0.30,-1.56,2.81
8/17/2010,60.49,20122200.00,0.00,-1.38,-0.49,2.90
8/16/2010,59.60,14301100.00,0.00,-1.58,1.06,3.11
8/13/2010,59.96,14651300.00,0.00,-0.53,1.52,2.87
8/12/2010,59.70,16951300.00,1.00,-0.39,0.27,2.41
8/11/2010,60.55,24281300.00,0.00,-0.50,1.01,1.64
8/10/2010,61.85,23188500.00,0.00,0.53,1.01,0.21
8/9/2010,62.56,14731300.00,0.00,1.77,1.72,-0.74
8/6/2010,61.92,23097300.00,0.00,1.80,1.93,-1.47
8/5/2010,62.28,19985300.00,0.00,0.06,2.15,-2.42
8/4/2010,62.86,21033800.00,0.00,0.39,1.28,-3.86
8/3/2010,61.98,31075800.00,1.00,0.12,2.35,-4.82
8/2/2010,60.64,28144000.00,1.00,0.73,1.35,-3.46
7/30/2010,60.15,29354600.00,1.00,1.17,0.67,-3.00
7/29/2010,61.42,33763000.00,1.00,1.53,0.04,-2.48
7/28/2010,60.73,23511100.00,1.00,0.56,0.01,-2.35
7/27/2010,60.62,22400800.00,1.00,1.64,-0.51,-2.50
7/26/2010,59.70,20236500.00,1.00,0.60,0.66,-2.07
7/23/2010,59.26,19281400.00,1.00,-0.26,0.10,-1.82
7/22/2010,58.71,27051400.00,1.00,-0.80,-0.33,-1.88
7/21/2010,59.13,26859700.00,1.00,-0.45,1.45,0.19
7/20/2010,57.68,23807300.00,1.00,-0.73,1.51,-0.16
7/19/2010,58.33,20960000.00,1.00,0.68,1.64,-0.89
7/16/2010,58.84,35805700.00,1.00,0.37,1.38,-1.26
7/15/2010,59.36,24737300.00,0.00,-0.09,0.81,0.51
7/14/2010,59.22,26061100.00,0.00,1.51,-0.06,-0.36
7/13/2010,59.60,30514200.00,0.00,1.31,-1.47,-1.15
7/12/2010,58.29,23515000.00,1.00,1.16,-2.29,-0.36
7/9/2010,58.76,25976500.00,1.00,0.60,-2.83,0.08
7/8/2010,59.13,40430300.00,0.00,-0.10,-3.49,1.20
7/7/2010,57.37,41797200.00,1.00,-1.00,-4.56,-0.49
7/6/2010,57.17,36912100.00,1.00,-2.11,-4.96,1.20
7/2/2010,56.85,32767900.00,1.00,-2.44,-2.99,-0.98
7/1/2010,56.98,47746400.00,1.00,-2.42,-2.03,-1.78
6/30/2010,57.33,43944900.00,1.00,-2.50,-1.04,-3.18
6/29/2010,58.00,52525000.00,0.00,-2.99,-0.44,-2.67
6/28/2010,59.31,43013000.00,0.00,-3.03,-0.32,-3.26
6/25/2010,60.15,118023500.00,0.00,-0.91,0.34,-3.44
6/24/2010,60.82,34188500.00,0.00,-0.05,0.70,-3.05
6/23/2010,61.71,38058900.00,0.00,0.69,0.51,-2.92
6/22/2010,63.13,26147000.00,0.00,0.88,2.40,-3.62
6/21/2010,64.10,24877600.00,0.00,0.36,1.66,-2.68
6/18/2010,62.78,32747000.00,0.00,0.49,0.54,-3.94
6/17/2010,62.42,23310200.00,0.00,0.53,-0.05,-3.98
6/16/2010,61.97,20652700.00,1.00,-0.05,1.50,-5.05
6/15/2010,61.89,24532600.00,1.00,1.66,0.30,-5.84
6/14/2010,62.06,24667800.00,1.00,0.88,-0.62,-6.41
6/11/2010,61.68,21227100.00,1.00,-0.34,0.05,-5.74
6/10/2010,61.50,33020100.00,1.00,-0.90,0.21,-5.91
6/9/2010,61.58,31693200.00,1.00,0.97,1.27,-5.78
6/8/2010,59.62,48460700.00,1.00,-0.30,-0.59,-5.53
6/7/2010,59.98,28389500.00,1.00,-0.90,1.15,-4.67
6/4/2010,60.74,45019200.00,1.00,0.20,-1.08,-4.39
6/3/2010,61.23,32383700.00,0.00,0.17,-1.98,-4.62
6/2/2010,59.51,28668400.00,1.00,1.05,-3.37,-3.97
6/1/2010,60.38,32972000.00,1.00,-0.51,-2.66,-2.80
5/28/2010,61.21,32078700.00,0.00,1.15,-3.10,-2.92
5/27/2010,60.50,31911500.00,0.00,-1.39,-3.14,-3.07
5/26/2010,60.08,34028900.00,1.00,-1.75,-2.35,-2.98
5/25/2010,58.99,50533800.00,1.00,-2.72,-1.86,-2.44
5/24/2010,60.74,27847800.00,0.00,-1.80,-2.20,-2.48
5/21/2010,59.16,52802900.00,1.00,-2.01,-1.00,-1.53
5/20/2010,61.47,57194500.00,0.00,-1.50,-1.93,-0.18
5/19/2010,62.46,36722500.00,0.00,-0.78,-1.71,-0.83
5/18/2010,64.05,34457000.00,0.00,-0.42,-2.55,-0.82
5/17/2010,63.74,31923700.00,0.00,-0.92,-3.05,-0.51
5/14/2010,64.50,38815400.00,0.00,0.02,-3.43,0.19
5/13/2010,64.87,26791600.00,0.00,-1.44,-2.58,0.60
5/12/2010,64.64,25390700.00,0.00,-1.34,-2.58,0.42
5/11/2010,64.62,29790600.00,0.00,-2.15,-2.34,1.04
5/10/2010,65.42,38337600.00,0.00,-2.50,-1.91,1.32
5/7/2010,64.50,69004800.00,0.00,-2.47,-0.82,1.04
5/6/2010,65.79,58336300.00,0.00,-1.07,-0.37,1.37
5/5/2010,65.94,30260300.00,0.00,-0.88,-0.58,1.02
5/4/2010,67.15,31646100.00,0.00,-0.66,0.05,1.49
5/3/2010,68.11,30734900.00,0.00,-0.39,0.96,0.11
4/30/2010,68.90,43762100.00,0.00,0.43,0.61,0.44
4/29/2010,68.45,47200900.00,0.00,0.39,0.19,0.99
4/28/2010,68.87,33243500.00,0.00,-0.14,-0.09,1.26
4/27/2010,69.01,36374700.00,0.00,0.38,0.20,1.07
4/26/2010,69.03,18237100.00,0.00,1.03,-0.19,0.08
4/23/2010,68.50,24340000.00,1.00,0.40,0.45,0.20
4/22/2010,68.52,21654700.00,1.00,-0.04,1.48,0.39
4/21/2010,69.00,21119200.00,0.00,-0.32,0.50,1.16
4/20/2010,68.62,22989500.00,1.00,-0.13,0.24,0.62
4/19/2010,67.75,25686000.00,1.00,-0.37,0.38,1.38
4/16/2010,68.12,33855100.00,1.00,0.49,0.92,1.82
4/15/2010,68.50,16712900.00,1.00,1.51,1.12,1.39
4/14/2010,68.72,18777800.00,0.00,0.44,0.72,1.39
4/13/2010,68.47,19177100.00,1.00,0.12,1.11,1.58
4/12/2010,68.80,18170300.00,0.00,0.17,1.11,1.56
4/9/2010,68.11,21099600.00,1.00,0.51,0.50,2.09
4/8/2010,67.01,24060800.00,1.00,0.66,0.60,1.61
4/7/2010,67.83,24531500.00,1.00,0.36,0.19,1.28
4/6/2010,67.99,19776800.00,1.00,0.77,0.55,0.36
4/5/2010,67.84,20901100.00,1.00,0.66,-0.92,0.79
4/1/2010,67.27,19614700.00,1.00,0.02,-0.60,0.53
3/31/2010,66.94,22352500.00,1.00,0.17,0.03,-0.05
3/30/2010,67.19,17745900.00,1.00,-0.22,0.34,0.82
3/29/2010,66.66,26122200.00,1.00,0.16,0.12,1.56
3/26/2010,66.44,30553400.00,1.00,-1.09,-0.76,1.44
3/25/2010,66.81,21095600.00,1.00,-0.53,-0.48,1.01
3/24/2010,66.57,19748800.00,1.00,0.23,-0.18,0.93
3/23/2010,66.94,24754700.00,0.00,0.52,0.65,1.05
3/22/2010,66.49,21390600.00,1.00,0.26,0.15,1.17
3/19/2010,67.84,45564200.00,0.00,-0.70,0.90,-0.48
3/18/2010,67.50,25925500.00,0.00,-0.54,1.23,-1.11
3/17/2010,66.91,38770000.00,0.00,-0.34,0.70,-0.98
3/16/2010,66.55,35103700.00,1.00,0.54,0.70,-0.03
3/15/2010,66.67,22070000.00,1.00,0.13,0.91,0.53
3/12/2010,67.58,23361800.00,0.00,0.87,0.83,-0.23
3/11/2010,67.39,19357400.00,0.00,1.04,1.27,-0.10
3/10/2010,67.16,24810300.00,0.00,0.34,0.70,-0.12
3/9/2010,66.32,29003100.00,1.00,0.19,0.27,-1.07
3/8/2010,66.77,20297200.00,1.00,0.28,-0.68,-1.05
3/5/2010,65.96,26837900.00,1.00,0.08,-0.23,-2.64
3/4/2010,65.43,21961100.00,1.00,0.68,-0.38,-2.99
3/3/2010,65.77,22279800.00,1.00,0.31,-0.89,-3.04
3/2/2010,65.66,24823900.00,1.00,-0.05,0.09,-3.83
3/1/2010,65.36,18798600.00,1.00,-0.89,0.85,-3.58
2/26/2010,65.26,20129700.00,1.00,-0.21,0.80,-3.85
2/25/2010,64.61,25668800.00,1.00,-0.26,0.39,-3.44
2/24/2010,65.01,21469600.00,1.00,-0.75,0.32,-3.51
2/23/2010,65.26,33372900.00,1.00,0.41,0.46,-3.10
2/22/2010,66.10,20469700.00,0.00,1.11,0.57,-3.17
2/19/2010,65.59,24264600.00,0.00,0.92,-1.12,-2.58
2/18/2010,65.80,22536700.00,0.00,0.31,-1.66,-2.20
2/17/2010,66.34,21821800.00,0.00,0.16,-1.39,-1.62
